ID,Channel Name,Bio length,Country,Url,Main topic,Main video category,Likes,Favorites_count,Post count,Followers,Boost Index,'Replies count',Views Avg.,Avg. 1 Day,Avg. 3 Day,Avg. 7 Day,Avg. 14 Day,Avg. 30 Day,Engagement Rate,Engagement Rate (60 Days),Post content,Hyperlinks_exist,Media_exists,Hashtags list,@ list,created_at,Compound,Subjectivity,Average number of media likes,retweets,replies,like_list,Followers_list,Followings,View_count
0,hugodecrypte,22,FR,https://www.instagram.com/hugodecrypte,,,,,2120,3500000,,,,,,,,,,,"99% de la population contamin√©e par le poison du si√®cle",0,1,,,2024-04-03 17:00:00+00:00,,,155951,1437,856,"user1,user2,user3,user4","user1,user2,user3,user4,user5,user6,user7,user8,user9,user10,user11,user12,user13,user14,user15,user16",900
1,hugodecrypte,22,FR,https://www.instagram.com/hugodecrypte,,,,,2120,3500000,,,,,,,,,,,"Augmentation des cancers chez les - de 50 ans : voici pourquoi",0,1,,,2024-04-03 17:00:00+00:00,,,82531,922,1025,"user4","user1,user2,user3,user4,user5,user6,user7,user8,user9,user10,user11,user12,user13,user14,user15,user16",900
2,hugodecrypte,22,FR,https://www.instagram.com/hugodecrypte,,,,,2120,3500000,,,,,,,,,,,"Voici l'IRM le + puissant du monde, cr√©√© par le @cea_officiel et qui permettra de nombreuses d√©couvertes sur le cerveau",0,1,,1,2024-04-02 17:00:00+00:00,,,229810,918,773,"user3,user5,user6,user7,user8,user9,user10,user11,user12,user13,user14","user1,user2,user3,user4,user5,user6,user7,user8,user9,user10,user11,user12,user13,user14,user15,user16",900
3,le_gorafi,16,FR,https://www.instagram.com/le_gorafi,,,,,3185,515000,,,,,,,,,,,"La chouette de Duolingo condamn√©e √† 2 ans de prison ferme pour harc√®lement",0,1,,,2024-04-03 14:00:00+00:00,,,51195,492,399,"user1","user1,user6,user13,user15,user17,user18",0
4,demotivateur,11,FR,https://www.instagram.com/demotivateur,,,,,7937,758000,,,,,,,,,,,"Burger King t'offre un Whopper si t'as une calvitie!",0,1,,,2024-04-02 14:00:00+00:00,,,34703,738,1412,"user14","user18",6
5,secretmagoff,23,FR,https://www.instagram.com/secretmagoff,,,,,5117,52100,,,,,,,,,,,"Elon Musk a annonc√© que le premier humain implant√© avec la puce c√©r√©brale de Neuralink s'est compl√®tement r√©tabli. Le patient est d√©sormais capable de contr√¥ler une souris d'ordinateur par la pens√©e. üåüüñ±Ô∏èüß†üò≥ Votre avis sur cette nouvelle technologie ? ü§î Source : X Spaces #flash #elonmusk #neuralink #neurones #neurons #news #info #secretmag #neuron #neuroscience #technology #technologies #technologie #awesome #puce #musk #future #futur #announced #announcement #incredible #human #humain #world #capacity #brain #cerveau",0,0,,,2024-02-21 14:00:00+00:00,,,445,9,6,"user14","user14",46
6,le_gorafi,16,FR,https://www.instagram.com/le_gorafi,,,,,3185,515000,,,,,,,,,,,"Ob√©sit√©: la comission europ√©enne souhaite diiser par 2 le diam√®tre des crepes bretonnes",0,1,,,2024-02-01 14:00:00+00:00,,,10126,158,210,"user1","user1,user6,user13,user15,user17,user18",0
7,demotivateur,11,FR,https://www.instagram.com/demotivateur,,,,,7937,758000,,,,,,,,,,,"Apr√®s une chimio, elle apprend qu'elle n'a pas de cancer",0,1,,,2024-04-12 14:00:00+00:00,,,4703,39,141,,"user18",6
8,demotivateur,11,FR,https://www.instagram.com/demotivateur,,,,,7937,758000,,,,,,,,,,,"Cette petite fran√ßaise a une maladie que seuls 6 autres enfants ont sur Terre...",0,1,,,2024-04-9 14:00:00+00:00,,,7665,31,130,,"user18",6
9,konbini,7,FR,https://www.instagram.com/konbini,,,,,17900,2700000,,,,,,,,,,,"Qui poura b√©n√©ficier de l'aide √† mourir? Ce mercredi, un projet de loi sur la fi de vie est pr√©sent√© en Conseil des ministres et il mentionne les conditions pour y recourir. On vous explique",0,1,,,2024-04-10 19:30:00+00:00,,,3938,63,38,,"user1,user13,user14,user18,user19",194
10,konbini,7,FR,https://www.instagram.com/konbini,,,,,17900,2700000,,,,,,,,,,,"Les polluants √©ternels, c'est la plus grande crise de pollution √† laquelle l‚Äôhumanit√© ait eu √† faire face dans son histoire @camilleetienne_, activiste √©cologiste, revient sur la pr√©sence de substances dangereuses dans nos produits du quotidien (alimentation maquillage etc.) : les polluants √©ternels ou PFAS. Ces mol√©cules chimiques dites ‚Äúindestructibles‚Äù apparaissent dans la composition de nombreux produits et sont nocives pour la sant√© et la plan√®te. Le documentaire de Camille Etienne ‚ÄúPFAS : comment les industriels nous empoisonnent‚Äù est disponible sur YouTube.",0,1,,,2024-04-03 19:30:00+00:00,,,84735,5450,948,"user20,user21,user13,user4,user22","user1,user13,user14,user18,user19",194
11,hugodecrypte,22,FR,https://www.instagram.com/hugodecrypte,,,,,2120,3500000,,,,,,,,,,,"La carte vitale et la carte d'identit√© fusionn√©es?",0,1,,,2024-03-21 17:00:00+00:00,,,59728,164,1208,"user13,user23,user24","user1,user2,user3,user4,user5,user6,user7,user8,user9,user10,user11,user12,user13,user14,user15,user16,user23,user24"
12,epicurieux,24,FR,https://www.instagram.com/epicurieux,,,,,1590,614000,,,,,,,,,,,"Allergir ou intol√©rance au gluten?",0,1,,,202455-04-22 16:00:00+00:00,,,2399,55,45,"user25","user3,user25,user26,user27,user28,user29,user30",55
13,konbini,7,FR,https://www.instagram.com/konbini,,,,,17900,2700000,,,,,,,,,,,"Charlotte Chopin est centenaire et elle pratique le yoga depuis plus de quarante ans. On l'avait rencontr√© il y a 2 ans, elle donnait alors 3 cours par semaine √† des √©l√®ves de tous les √¢ges, et nous a expliqu√© comment le yoga l‚Äôaide √† se sentir bien dans son corps et dans sa t√™te.",0,1,,,2024-04-03 19:30:00+00:00,,,44645,926,262,"user20,user21,user13,user4,user22","user1,user13,user14,user18,user19",194
14,rtl_france,17,FR,https://www.instagram.com/rtl_france,,,,,11800,369000,,,,,,,,,,,"Sant√© : consommer certains √©mulsifiants augmente-t-il le risque de devenir diab√©tique ? Chronique sant√© du Dr. Jimmy Mohamed dans #RTLMatin L‚Äôint√©gralit√© √† r√©√©couter sur rtl.fr et l‚Äôapplication RTL ! #JimmyMohamed #docteur #diab√®te #√©mulsifiant #sant√©",0,0,#RTLMatin #JimmyMohamed #docteur #diab√®te #√©mulsifiant #sant√©,,2024-04-25 16:40:00+00:00,,,117,3,0,,"user25",320
15,dr.jimmy.mohamed,15,FR,https://www.instagram.com/dr.jimmy.mohamed,,,,,682,1300000,,,,,,,,,,,"Le je√ªne intermittent est-il vraiment dangereux pour la sant√© ?",0,0,,,2024-04-14 16:40:00+00:00,,,16656,231,520,,"user32,user33,user34",236
16,demotivateur,11,FR,https://www.instagram.com/demotivateur,,,,,7937,758000,,,,,,,,,,,"Embrasser c'est bon pour la sant√© !",0,1,,,2024-04-07 14:00:00+00:00,,,26003,302,163,"user35,user36","user18,user24",6
17,hugodecrypte,22,FR,https://www.instagram.com/hugodecrypte,,,,,2120,3500000,,,,,,,,,,,"L‚Äôinscription de la libert√© d‚Äôavorter dans la Constitution adopt√©e par le Parlement.",0,1,,,2024-03-04 17:00:00+00:00,,,134619,2132,2919,"user1,user13,user37,user38,user39","user1,user2,user3,user4,user5,user6,user7,user8,user9,user10,user11,user12,user13,user14,user15,user16,user23,user24",900
18,hugodecrypte,22,FR,https://www.instagram.com/hugodecrypte,,,,,2120,3500000,,,,,,,,,,,"Un humain a controll√© une souris d'ordinateur par la pens√©e. Le nouveau projet d‚ÄôElon Musk ‚¨ÜÔ∏è",0,1,,,2024-02-12 17:00:00+00:00,,,66055,584,269,,"user1,user2,user3,user4,user5,user6,user7,user8,user9,user10,user11,user12,user13,user14,user15,user16,user23,user24,user37,user38",900
19,le_gorafi,16,FR,https://www.instagram.com/le_gorafi,,,,,3185,515000,,,,,,,,,,,"Les enfants qui meurent de faim remercient Jules, 6 ans, d'avoir fini sa pur√©e",0,1,,,2024-03-26 14:00:00+00:00,,,40485,289,706,"user39","user1,user6,user13,user15,user17,user18,user39",0
20,khaledbeydoun,15,PS,https://www.instagram.com/khaledbeydoun,,,,,2435,2300000,,,,,,,,,3.27,,"Yet unarmed protestors on America campuses are the "terrorists.",0,1,,,2024-04-26 18:00:00+00:00,,,26000,185,400,,"user41,user42",2437,
21,hugodecrypte,22,FR,https://www.instagram.com/hugodecrypte,,,,,2120,3500000,,,,,,,,,1.78,,"Les annonces de G. Attal sur la sant√© mentale des jeunes",0,1,,,2024-04-03 17:00:00+00:00,,,67693,553,807,"user3,user13","user1,user2,user3,user4,user5,user6,user7,user8,user9,user10,user11,user12,user13,user14,user15,user16",900,2400000
22,hugodecrypte,22,FR,https://www.instagram.com/hugodecrypte,,,,,2120,3500000,,,,,,,,,1.78,,"Le pr√©sident am√©ricain Joe Biden a eu 81 ans en novembre dernier",0,1,,,2024-04-03 17:00:00+00:00,,,68891,118,673,"user6,user49","user1,user2,user3,user4,user5,user6,user7,user8,user9,user10,user11,user12,user13,user14,user15,user16",900,3000000
23,hugodecrypte,22,FR,https://www.instagram.com/hugodecrypte,,,,,2120,3500000,,,,,,,,,1.78,,"Voici pourquoi l‚Äôob√©sit√© augmente dans le monde",0,1,,,2024-04-03 17:00:00+00:00,,,55702,459,877,"user13","user1,user2,user3,user4,user5,user6,user7,user8,user9,user10,user11,user12,user13,user14,user15,user16",900,2400000
24,hugodecrypte,22,FR,https://www.instagram.com/hugodecrypte,,,,,2120,3500000,,,,,,,,,1.78,,"Kate Middleton est √¢g√©e de 42 ans atteinte de cancer",0,1,,,2024-04-03 17:00:00+00:00,,,89208,186,413,"user6,user23,user13,user1","user1,user2,user3,user4,user5,user6,user7,user8,user9,user10,user11,user12,user13,user14,user15,user16",900,2900000
25,hugodecrypte,22,FR,https://www.instagram.com/hugodecrypte,,,,,2120,3500000,,,,,,,,,1.78,,"L‚ÄôOMS a appel√© la population √† remettre le masque",0,1,,,2024-04-03 17:00:00+00:00,,,65158,468,573,"user10,user13,user4","user1,user2,user3,user4,user5,user6,user7,user8,user9,user10,user11,user12,user13,user14,user15,user16",900,3300000
26,hugodecrypte,22,FR,https://www.instagram.com/hugodecrypte,,,,,2120,3500000,,,,,,,,,1.78,,"Pourquoi tout le monde a le nez bouch√© en ce moment ? De plus en plus de personnes sont allergiques au pollen en France",0,1,,,2024-04-03 17:00:00+00:00,,,147442,2006,1769,"user6,user39,user10,user3,user45,user23,user47","user1,user2,user3,user4,user5,user6,user7,user8,user9,user10,user11,user12,user13,user14,user15,user16",900,3000000
27,hugodecrypte,22,FR,https://www.instagram.com/hugodecrypte,,,,,2120,3500000,,,,,,,,,1.78,,"Des Pastabox contamin√©es ? Des Pastabox retir√©s des supermarch√©s pour risque de List√©ria",0,1,,,2024-04-03 17:00:00+00:00,,,84611,855,1194,"user3,user45,user14,user46","user1,user2,user3,user4,user5,user6,user7,user8,user9,user10,user11,user12,user13,user14,user15,user16",900,2400000
28,hugodecrypte,22,FR,https://www.instagram.com/hugodecrypte,,,,,2120,3500000,,,,,,,,,1.78,,"L‚Äôeau potable en France contamin√©e par un pesticide ?",0,1,,,2024-04-03 17:00:00+00:00,,,99823,1410,908,"user5,user3","user1,user2,user3,user4,user5,user6,user7,user8,user9,user10,user11,user12,user13,user14,user15,user16",900,2100000
29,hugodecrypte,22,FR,https://www.instagram.com/hugodecrypte,,,,,2120,3500000,,,,,,,,,1.78,,"Ces produits augmenteraient le risque de cancer: √©mulsifiants",0,1,,,2024-04-03 17:00:00+00:00,,,85621,1039,691,"user1,user23,","user1,user2,user3,user4,user5,user6,user7,user8,user9,user10,user11,user12,user13,user14,user15,user16",900,3900000
30,hugodecrypte,22,FR,https://www.instagram.com/hugodecrypte,,,,,2120,3500000,,,,,,,,,1.78,,"Ces m√©dicaments pourraient etre dangereux pour la sant√©",0,1,,,2024-04-03 17:00:00+00:00,,,76246,1653,701,"user3,user13","user1,user2,user3,user4,user5,user6,user7,user8,user9,user10,user11,user12,user13,user14,user15,user16",900,3800000
31,hugodecrypte,22,FR,https://www.instagram.com/hugodecrypte,,,,,2120,3500000,,,,,,,,,1.78,,"Cerfs zombie, cette maladie interroges les scientifiques",0,1,,,2024-04-03 17:00:00+00:00,,,179344,1029,1559,"user3,user45,user23,user13,user4","user1,user2,user3,user4,user5,user6,user7,user8,user9,user10,user11,user12,user13,user14,user15,user16",900,5500000
32,demotivateur,11,FR,https://www.instagram.com/demotivateur,,,,,7937,758000,,,,,,,,,0.54,,"Selon la science, faire de longues √©tudes diminue le risque de d√©c√®s!",0,1,,,2024-01-26 14:00:00+00:00,,,2206,29,52,"user25","user18,user24,user44,user45,user46",6,110000
33,demotivateur,11,FR,https://www.instagram.com/demotivateur,,,,,7937,758000,,,,,,,,,0.54,,"Voil√† les 5 aliments qui acc√©l√®rent le vieillissement du corps!",0,1,,,2024-02-11 14:00:00+00:00,,,13649,413,263,"user25","user18,user24,user44,user45,user46",6,108000
34,demotivateur,11,FR,https://www.instagram.com/demotivateur,,,,,7937,758000,,,,,,,,,0.54,,"Il se fait vacciner 217 fois contre le Covid!",0,1,,,2024-03-6 14:00:00+00:00,,,3521,32,212,"user25","user18,user24,user44,user45,user46",6,75000
35,hugodecrypte,22,FR,https://www.instagram.com/hugodecrypte,,,,,2120,3500000,,,,,,,,,0.54,,"Ce produit contre contre la gueule de bois poserait probl√®me ‚ö†Ô∏è, ce produit ne serait pas efficace ‚¨ÜÔ∏è",0,1,,,2024-02-12 17:00:00+00:00,,,70396,132,575,"user1,user25,user47","user1,user2,user3,user4,user5,user6,user7,user8,user9,user10,user11,user12,user13,user14,user15,user16,user23,user24,user37,user38,user44,user45,user47"
36,brutofficiel,6,FR,https://www.instagram.com/brutofficiel,,,,,11900,4000000,,,,,,,,,,,"Pourquoi certains s'endorment avec un podcast sur une histoire criminelle dans les oreilles?‚Å£ C'est une tendance qu'on voit sur les r√©seaux. Flippant ou indispensable ? On a voulu comprendre concr√®tement quels effets √ßa a sur notre sommeil et pourquoi certains ne peuvent pas s'en passer.",0,1,,,2024-04-07 17:00:00+00:00,,,33004,257,676,"user25,user49,user40","user8,user11,user15,user18,user24,user29,user30,user31,user32,user34,user44,user48,user49,user50"
39,le_gorafi,16,FR,https://www.instagram.com/le_gorafi,,,,,3185,515000,,,,,,,,,2.48,,"Il meurt de vieillesse en tentant de fermer tous les onglets ouverts par ses parents",0,1,,,2024-03-26 14:00:00+00:00,,,26000,209,216,,,0,443000
40,le_gorafi,16,FR,https://www.instagram.com/le_gorafi,,,,,3185,515000,,,,,,,,,2.48,,"Nutrition-Le corps du Christ obtient la note de 12/100 sur Yuka",0,1,,,2024-03-26 14:00:00+00:00,,,22600,408,321,,,0,402000
41,le_gorafi,16,FR,https://www.instagram.com/le_gorafi,,,,,3185,515000,,,,,,,,,2.48,,"Ob√©sit√©: La commission europ√©enne souhaite diviser par 2 le diametre des crepes bretonnes",0,1,,,2024-03-26 14:00:00+00:00,,,10100,158,210,,,0,355000
42,le_gorafi,16,FR,https://www.instagram.com/le_gorafi,,,,,3185,515000,,,,,,,,,2.48,,"Dry January - Les meilleurs drogues pour compenser le manque d'alcool",0,1,,,2024-03-26 14:00:00+00:00,,,8307,208,55,,,0,250000
43,le_gorafi,16,FR,https://www.instagram.com/le_gorafi,,,,,3185,515000,,,,,,,,,2.48,,"Vague de froid : Selon une √©tude, l'hiver serait la saison la moins chaude de l'ann√©e",0,1,,,2024-03-26 14:00:00+00:00,,,25200,1066,238,,,0,876000
44,le_gorafi,16,FR,https://www.instagram.com/le_gorafi,,,,,3185,515000,,,,,,,,,2.48,,"Selon une √©tude, le bonheur serait √©troitement corr√©l√© √† l'ajout de fromage fondu sur tout",0,1,,,2024-03-26 14:00:00+00:00,,,78000,3583,1288,,,0,3900000
45,le_gorafi,16,FR,https://www.instagram.com/le_gorafi,,,,,3185,515000,,,,,,,,,2.48,,"Elle croit dur comme fer √† l'horoscope, l'hom√©opathie et le m√©ritocratie",0,1,,,2024-03-26 14:00:00+00:00,,,7715,161,120,,,0,233000
46,le_gorafi,16,FR,https://www.instagram.com/le_gorafi,,,,,3185,515000,,,,,,,,,2.48,,"Daltonisme - Il voit les couleurs pour la premi√®re fois et peut enfin devenir raciste",0,1,,,2024-03-26 14:00:00+00:00,,,7715,161,120,,,0,429000
47,le_gorafi,16,FR,https://www.instagram.com/le_gorafi,,,,,3185,515000,,,,,,,,,2.48,,"Un Fran√ßais va tenter de vivre pendant un an sans se plaindre",0,1,,,2024-03-26 14:00:00+00:00,,,24900,817,334,,,0,528000
48,le_gorafi,16,FR,https://www.instagram.com/le_gorafi,,,,,3185,515000,,,,,,,,,2.48,,"Chine _ Une femme donne naissance √† 2 magnifiques emply√©s",0,1,,,2024-03-26 14:00:00+00:00,,,4839,58,26,,,0,122000
49,le_gorafi,16,FR,https://www.instagram.com/le_gorafi,,,,,3185,515000,,,,,,,,,2.48,,"Depuis 10 ans il se fait passer pour un g√©n√©raliste en disant juste, y'a plein de virus qui trainent en ce moment",0,1,,,2024-03-26 14:00:00+00:00,,,14000,200,181,,,0,346000
50,le_gorafi,16,FR,https://www.instagram.com/le_gorafi,,,,,3185,515000,,,,,,,,,2.48,,"Selon une coach de vie, le secret du bonheur consiste √† demander 150 euros de l'heurer",0,1,,,2024-03-26 14:00:00+00:00,,,4654,79,52,,,0,128000
51,le_gorafi,16,FR,https://www.instagram.com/le_gorafi,,,,,3185,515000,,,,,,,,,2.48,,"Elle sombre dans la depression apr√®s qu'Yves Rocher oublie de lui souhaiter un joyeux anniversaire",0,1,,,2024-03-26 14:00:00+00:00,,,3765,37,54,,,0,99400
52,le_gorafi,16,FR,https://www.instagram.com/le_gorafi,,,,,3185,515000,,,,,,,,,2.48,,"Le bon vivant √©tait en fait un alcoolique bourr√© de cholestr√©rol",0,1,,,2024-03-26 14:00:00+00:00,,,7740,144,119,,,0,154000
53,le_gorafi,16,FR,https://www.instagram.com/le_gorafi,,,,,3185,515000,,,,,,,,,2.48,,"Un dentiste menac√© de mort parce qu'il ne recommande pas Sensodyne",0,1,,,2024-03-26 14:00:00+00:00,,,4070,25,33,,,0,94900
54,konbini,7,FR,https://www.instagram.com/konbini,,,,,17900,2700000,,,,,,,,,0.31,,"Marie-Lys Bibeyran raconte son combat contre l'usage des pesticides dans le secteur viticole et ses cons√©quences sur la sant√©, apr√®s le d√©c√®s de son fr√®re Denis, victime d'un cancer. Son livre, On vous le dira dans vingt ans, est disponible aux √©ditions BBD.",0,1,,,2024-04-10 19:30:00+00:00,,,1391,22,13,,,194,153000
55,konbini,7,FR,https://www.instagram.com/konbini,,,,,17900,2700000,,,,,,,,,0.31,,"Les jeunes se parfument √† l'odeur du sang, de la sueur et du latex.",0,1,,,2024-04-10 19:30:00+00:00,,,13873,68,389,,,194,1000000
56,konbini,7,FR,https://www.instagram.com/konbini,,,,,17900,2700000,,,,,,,,,0.31,,"Un prof qui checke votre temps d‚Äô√©cran ? C‚Äôest ce que fait Erwan, prof d‚ÄôEPS, avec ses √©l√®ves : au-del√† de 4h par jour sur leur t√©l√©phone, ils doivent passer plus de temps au lyc√©e pour faire du sport ou √©tudier. Il nous explique sa m√©thode, les r√©sultats obtenus et la r√©action des √©l√®ves.",0,1,,,2024-04-10 19:30:00+00:00,,,46199,1421,383,,,194,1700000
57,konbini,7,FR,https://www.instagram.com/konbini,,,,,17900,2700000,,,,,,,,,0.31,,"De la coca√Øne dans les pharmacies‚Ä¶ pour combattre le narcotrafic ?! C‚Äôest l‚Äôid√©e de la maire d‚ÄôAmsterdam : r√©guler le march√© de la drogue dure comme la coca√Øne et la MDMA pour combattre le narcotrafic et ses cons√©quences. On vous explique.",0,1,,,2024-04-10 19:30:00+00:00,,,12326,235,241,,,194,905000
58,konbini,7,FR,https://www.instagram.com/konbini,,,,,17900,2700000,,,,,,,,,0.31,,"Naomi a eu recours √† des injections √† l‚Äôacide hyaluronique aux l√®vres dans un cabinet clandestin. En cons√©quence : des l√®vres trop grosses, qu‚Äôelle a regrett√©es. Aujourd‚Äôhui, elle a dissous le produit et sensibilise sur la pratique.",0,1,,,2024-04-10 19:30:00+00:00,,,10501,24,222,,,194,1100000
59,konbini,7,FR,https://www.instagram.com/konbini,,,,,17900,2700000,,,,,,,,,0.31,,"√Ä l‚Äôh√¥pital de p√©diatrie et de r√©√©ducation de Bullion, les enfants et adolescents malades peuvent suivre leur scolarit√© et des activit√©s adapt√©es √† leur pathologie pendant toute la dur√©e de leur hospitalisation.",0,1,,,2024-04-10 19:30:00+00:00,,,13148,225,55,,,194,599000
60,konbini,7,FR,https://www.instagram.com/konbini,,,,,17900,2700000,,,,,,,,,0.31,,"Dans la derni√®re √©tude du CNL (Centre national du livre), on apprend que le temps d‚Äô√©cran des jeunes est 10 fois plus √©lev√© que le temps de lecture par jour. Du coup, on a demand√© √† des jeunes combien de temps ils passent sur leur t√©l√©phone vs. quand date le dernier livre qu‚Äôils ont lu. Et vous, c‚Äôest quoi le dernier livre que vous avez lu ?",0,1,,,2024-04-10 19:30:00+00:00,,,11736,27,106,,,194,667000
61,konbini,7,FR,https://www.instagram.com/konbini,,,,,17900,2700000,,,,,,,,,0.31,,"Quel est le risque de trop plaquer ses cheveux ? C‚Äôest quoi une alop√©cie de traction ? SCH va t-il finir chauve ? üëÄ @dermato_drey, dermatologue, r√©pond √† toutes nos questions !",0,1,,,2024-04-10 19:30:00+00:00,,,24300,187,306,,,194,2000000
62,konbini,7,FR,https://www.instagram.com/konbini,,,,,17900,2700000,,,,,,,,,0.31,,"On va √™tre sanctionn√© si on pose un lapin √† son m√©decin ? üò≥ Le 6 avril, le Premier Ministre Gabriel Attal a annonc√© une s√©rie de mesures pour ‚Äúfaciliter l‚Äôacc√®s des Fran√ßais aux soins‚Äù, en voici quatre exemples ü©∫",0,1,,,2024-04-10 19:30:00+00:00,,,4692,57,449,,,194,443000
63,konbini,7,FR,https://www.instagram.com/konbini,,,,,17900,2700000,,,,,,,,,0.31,,"Je ressens les √©motions d‚Äôune personne qui a perdu quelqu‚Äôun, mais j‚Äôai une partie de moi qui s‚Äôaccroche √† des petits moments de lucidit√©‚Äù Sarah est proche aidante aupr√®s de sa m√®re atteinte de la maladie d‚ÄôAlzheimer. Elle raconte son quotidien avec le ‚Äúdeuil blanc‚Äù",0,1,,,2024-04-10 19:30:00+00:00,,,21400,270,304,,,194,1100000
64,konbini,7,FR,https://www.instagram.com/konbini,,,,,17900,2700000,,,,,,,,,0.31,,"Quelles alternatives au sucre choisir ? Les alternatives au sucre blanc de betterave sont-elles vraiment meilleures pour la sant√© ? Elsa Abdoun, journaliste pour @ufcquechoisir, a enqu√™t√© sur les bienfaits mais aussi les fausses promesses derri√®re ces nouveaux produits.",0,1,,,2024-04-10 19:30:00+00:00,,,11438,167,146,,,194,736000
65,konbini,7,FR,https://www.instagram.com/konbini,,,,,17900,2700000,,,,,,,,,0.31,,"Retour sur le t√©moignage d‚Äô@enoramalagre, √† l‚Äôoccasion de la journ√©e contre l‚Äôendom√©triose. Non, l‚Äôendom√©triose ne disparait pas apr√®s une grossesse. Et oui, elle est toujours difficile √† faire diagnostiquer. √ânora Malagr√© continue de se battre au quotidien contre cette maladie. Il y a quelques ann√©es, elle se confiait pour que ¬´ les choses √©voluent, et vite ¬ª.",0,1,,,2024-04-10 19:30:00+00:00,,,43900,2207,603,,,194,1800000
66,konbini,7,FR,https://www.instagram.com/konbini,,,,,17900,2700000,,,,,,,,,0.31,,"Laura, porteuse de Trisomie 21, vit en colocation avec ‚ÄúLe Club des 6‚Äù. Un h√©bergement qui facilite l‚Äôautonomie, l‚Äôind√©pendance et l‚Äôinsertion en soci√©t√© des jeunes vivant avec un handicap. Laura nous en avait fait la visite !",0,1,,,2024-04-10 19:30:00+00:00,,,19966,278,139,,,194,638000
67,konbini,7,FR,https://www.instagram.com/konbini,,,,,17900,2700000,,,,,,,,,0.31,,"@lucie.retail s'est fait amputer des 4 membres suite √† un paludisme s√©v√®re. Elle t√©moigne : "Je n'ai jamais fait quoi que ce soit pour que √ßa arrive".",0,1,,,2024-04-10 19:30:00+00:00,,,47723,741,1068,,,194,1800000
68,konbini,7,FR,https://www.instagram.com/konbini,,,,,17900,2700000,,,,,,,,,0.31,,"¬´ Les unit√©s de soins palliatifs, ce n‚Äôest pas que des soins, c‚Äôest porter des projets de vie. ¬ª Aller p√™cher une derni√®re fois, se marier dans le service : Pierre est infirmier en soins palliatifs, il nous racontait comment cette unit√© accompagne les derniers jours des patients. Retrouvez le documentaire Vivants sur Public S√©nat samedi 23 mars √† 22h30, puis en replay. La diffusion sera suivie d‚Äôun live Instagram sur le compte @vivants.lefilm en pr√©sence du r√©alisateur Victor Grange et d‚Äôune partie des √©quipes du film.",0,1,,,2024-04-10 19:30:00+00:00,,,11847,366,164,,,194,446000
69,epicurieux,24,FR,https://www.instagram.com/epicurieux,,,,,1590,614000,,,,,,,,,0.31,,"Pourquoi sommes nous allergiques aux chats?",0,1,,,2024-04-22 16:00:00+00:00,,,1966,24,31,,,55,80600
70,epicurieux,24,FR,https://www.instagram.com/epicurieux,,,,,1590,614000,,,,,,,,,0.31,,"Connaissez-vous l‚Äôexistence des allergies crois√©es ? ü§î Si non, cette vid√©o est pour vous et vous allez peut-√™tre vous d√©couvrir une nouvelle allergie‚Ä¶ üò±",0,1,,,2024-04-22 16:00:00+00:00,,,5372,113,89,,,55,174000
71,epicurieux,24,FR,https://www.instagram.com/epicurieux,,,,,1590,614000,,,,,,,,,0.31,,"Atchoum ! Les pollens sont de sortie ü§ß Mais comment expliquer ces r√©actions allergiques ?",0,1,,,2024-04-22 16:00:00+00:00,,,3811,58,30,,,55,155000
72,epicurieux,24,FR,https://www.instagram.com/epicurieux,,,,,1590,614000,,,,,,,,,0.31,,"Quelle est la chose la plus folle que vous ayez faite gr√¢ce a l‚Äôadr√©naline ? üòâ",0,1,,,2024-04-22 16:00:00+00:00,,,1059,9,4,,,55,52100
73,epicurieux,24,FR,https://www.instagram.com/epicurieux,,,,,1590,614000,,,,,,,,,0.31,,"Si votre animal a une truffe chaude, signifie-t-il qu‚Äôil est en train de tomber malade ? ü§íüê∂ @linstant_veto donne plus de d√©tails sur cette croyance üë©‚Äç‚öïÔ∏è",0,1,,,2024-04-22 16:00:00+00:00,,,1866,15,5,,,55,148000
74,epicurieux,24,FR,https://www.instagram.com/epicurieux,,,,,1590,614000,,,,,,,,,0.31,,"Avez-vous d√©j√† entendu parler de l‚Äôantibior√©sistance ? Jamy nous √©claire sur ce ph√©nom√®ne ! ü¶†",0,1,,,2024-04-22 16:00:00+00:00,,,1402,15,,,,55,51300
75,epicurieux,24,FR,https://www.instagram.com/epicurieux,,,,,1590,614000,,,,,,,,,0.31,,"La lutte contre le cancer est un enjeu majeur et nous pouvons tous y contribuer ü§ìTentez de gagner vos places pour les Jeux Olympiques de Paris 2024 gr√¢ce √† Allianz en soutenant la recherche m√©dicale et la campagne Une Jonquille contre le Cancer ! D√©tails et conditions sur @allianz_france ",0,1,,,2024-04-22 16:00:00+00:00,,,4282,119,60,,,55,925000
76,epicurieux,24,FR,https://www.instagram.com/epicurieux,,,,,1590,614000,,,,,,,,,0.31,,"Neige ivernale: quels bienfaits",0,1,,,2024-04-22 16:00:00+00:00,,,2778,27,35,,,55,100000
77,epicurieux,24,FR,https://www.instagram.com/epicurieux,,,,,1590,614000,,,,,,,,,0.31,,"Des volumes sonores excessifs peuvent endommager notre ou√Øe üîä‚ùå Apprenons √† pr√©server notre capital auditif avec @jamygourmaud ! ",0,1,,,2024-04-22 16:00:00+00:00,,,3531,46,49,,,55,147000
78,epicurieux,24,FR,https://www.instagram.com/epicurieux,,,,,1590,614000,,,,,,,,,0.31,,"Depuis quand les antibiotiques existent-ils ? Jamy vous raconte l‚Äôhistoire de leur cr√©ation ! Pour en apprendre plus sur le sujet, rendez-vous sur YouTube pour voir la suite de la vid√©o ! ü¶†ü¶†.",0,1,,,2024-04-22 16:00:00+00:00,,,1805,18,15,,,55,63800
79,epicurieux,24,FR,https://www.instagram.com/epicurieux,,,,,1590,614000,,,,,,,,,0.31,,"Antibiotiques = bact√©rie et non virus ! Mais alors, c'est quoi la diff√©rence entre les deux ? ü§îü¶† #Epicurieux #Jamy #culturegenerale #vulgarisation #microbe #bacterie #antibiotiques",0,1,,,2024-04-22 16:00:00+00:00,,,3575,38,13,,,55,146000
80,epicurieux,24,FR,https://www.instagram.com/epicurieux,,,,,1590,614000,,,,,,,,,0.31,,"Nous vous avons prescrit une ordonnance pour avoir un rendez-vous dans le cabinet de Jamy dimanche √† 10H, afin qu‚Äôil vous apprenne tout sur les antibiotiques üíäüíä",0,1,,,2024-04-22 16:00:00+00:00,,,1782,6,6,,,55,82100
81,epicurieux,24,FR,https://www.instagram.com/epicurieux,,,,,1590,614000,,,,,,,,,0.31,,"Photo de profil de epicurieuxanimaux Un petit bout de chocolat est toujours un plaisir r√©confortant üç´ü•∞ mais pour un chien, il peut √™tre fatalüò∂ @linstant_veto vous explique pourquoi üë©‚Äç‚öïÔ∏è",0,1,,,2024-04-22 16:00:00+00:00,,,3656,52,45,,,55,190000
82,epicurieux,24,FR,https://www.instagram.com/epicurieux,,,,,1590,614000,,,,,,,,,0.31,,"Comment aider les salari√©s souffrant de p√©nibilit√© au travail ? D√©couvrons avec @allianz_france une solution qui permet de soulager leurs maux ü§ìüë®‚Äçüî¨",0,1,,,2024-04-22 16:00:00+00:00,,,1819,11,37,,,55,118000
83,epicurieux,24,FR,https://www.instagram.com/epicurieux,,,,,1590,614000,,,,,,,,,0.31,,"Le coup de foudre : mythe ou r√©alit√© ? Terence et Renaud de @explorersfr nous √©clairent sur le sujet ! ‚ù§ Pour d√©couvrir la suite, rendez-vous sur notre cha√Æne Youtube ",0,1,,,2024-04-22 16:00:00+00:00,,,2108,15,8,,,55,141000
84,epicurieux,24,FR,https://www.instagram.com/epicurieux,,,,,1590,614000,,,,,,,,,0.31,,"Qu‚Äôest ce qui est plus sale entre un t√©l√©phone et la lunette des toilettes ? üì±üöΩ The Sciencoder nous donne la r√©ponse gr√¢ce aux bo√Ætes de petri g√©los√©es ! üî¨.",0,1,,,2024-04-22 16:00:00+00:00,,,10000,121,100,,,55,160000
85,epicurieux,24,FR,https://www.instagram.com/epicurieux,,,,,1590,614000,,,,,,,,,0.31,,"Antibiotiques = bact√©rie et non virus ! Mais alors, c'est quoi la diff√©rence entre les deux ? ü§îü¶† #Epicurieux #Jamy #culturegenerale #vulgarisation #microbe #bacterie #antibiotiques",0,1,,,2024-04-22 16:00:00+00:00,,,3575,38,13,,,55,146000
86,epicurieux,24,FR,https://www.instagram.com/epicurieux,,,,,1590,614000,,,,,,,,,0.31,,"Antibiotiques = bact√©rie et non virus ! Mais alors, c'est quoi la diff√©rence entre les deux ? ü§îü¶† #Epicurieux #Jamy #culturegenerale #vulgarisation #microbe #bacterie #antibiotiques",0,1,,,2024-04-22 16:00:00+00:00,,,3575,38,13,,,55,146000
87,hugodecrypte,22,FR,https://www.instagram.com/hugodecrypte,,,,,2120,3500000,,,,,,,,,1.78,,"Un enfant de 6 ans est mort apr√®s que son p√®re l'ait forc√© √† faire du sport pour perdre du poids.",0,1,,,2024-10-05 17:00:00+00:00,,,147000,909,1620,"user56,user57,user58,user41","user1,user2,user3,user4,user5,user6,user7,user8,user9,user10,user11,user12,user13,user14,user15,user16",900,5200000
88,hugodecrypte,22,FR,https://www.instagram.com/hugodecrypte,,,,,2120,3500000,,,,,,,,,1.78,,"Bretagne : 49 personnes intoxiqu√©es √† cause d'une farine contamin√©e par une plante toxique.",0,1,,,2024-03-05 17:00:00+00:00,,,63200,365,652,"user56,user57,user58,user41,user42,user40","user1,user2,user3,user4,user5,user6,user7,user8,user9,user10,user11,user12,user13,user14,user15,user16",900,3200000
89,hugodecrypte,22,FR,https://www.instagram.com/hugodecrypte,,,,,2120,3500000,,,,,,,,,1.78,,"Le ph√©nom√®ne La Ni√±a pourrait revenir sur Terre...Je t'explique",0,1,,,2024-07-05 17:00:00+00:00,,,94400,898,1261,"user56,user57,user58,user42,user40","user1,user2,user3,user4,user5,user6,user7,user8,user9,user10,user11,user12,user13,user14,user15,user16",900,3600000
90,hugodecrypte,22,FR,https://www.instagram.com/hugodecrypte,,,,,2120,3500000,,,,,,,,,1.78,,"Un pilote a d√©missionn√© √† cause de l'ampleur de la catastrophe climatique",0,1,,,2024-09-05 17:00:00+00:00,,,63700,1333,372,"user57,user58,user42,user59,user60,user61,user62,user63,user64","user1,user2,user3,user4,user5,user6,user7,user8,user9,user10,user11,user12,user13,user14,user15,user16",900,2300000
91,hugodecrypte,22,FR,https://www.instagram.com/hugodecrypte,,,,,2120,3500000,,,,,,,,,1.78,,"Un portail virtuel a √©t√© install√© entre Dublin et New York",0,1,,,2024-10-05 16:00:00+00:00,,,32500,159,0,"user57,user42,user59,user61,user62,user64","user1,user2,user3,user4,user5,user6,user7,user8,user9,user10,user11,user12,user13,user14,user15,user16",900,870000
92,hugodecrypte,22,FR,https://www.instagram.com/hugodecrypte,,,,,2120,3500000,,,,,,,,,1.78,,"Ce village dans les Ball√©ares pourrait fermer ses portes, Voil√† pourquoi",0,1,,,2024-09-05 17:00:00+00:00,,,41300,219,130,"user57,user42,user59,user62,user64","user1,user2,user3,user4,user5,user6,user7,user8,user9,user10,user11,user12,user13,user14,user15,user16",900,2100000
93,le_gorafi,16,FR,https://www.instagram.com/le_gorafi,,,,,3185,515000,,,,,,,,,2.48,,"95% des parisiens ne croient pas en la vie apr√®s le p√©riph√©rique",0,1,,,2024-09-05 14:00:00+00:00,,,10300,111,299,"user41,user64",,0,146000
94,le_gorafi,16,FR,https://www.instagram.com/le_gorafi,,,,,3185,515000,,,,,,,,,2.48,,"Il meurt de vieillesse en tentant de fermer tous les onglets ouverts par ses parents",0,1,,,2024-09-03 14:00:00+00:00,,,26200,216,211,"user41",,0,445000
95,redapple.life,,US,https://www.instagram.com/redapple.life,,,,,503,269000,,,,,,,,,0.54,,"This video reveals how food is engineered to make it more addictive",0,1,,,2024-10-01 14:00:00+00:00,,,109000,1695,80800,"user60,user61,user62,user63,user64","user56,user57,user58,user41",150,2700000
96,redapple.life,,US,https://www.instagram.com/redapple.life,,,,,503,269000,,,,,,,,,0.54,,"Here's why so many people are confused about healthy eating",0,1,,,2024-03-05 14:00:00+00:00,,,939,23,373,"user60,user61,user62,user63,user64,user41","user56,user57,user58,user41",150,27000
97,redapple.life,,US,https://www.instagram.com/redapple.life,,,,,503,269000,,,,,,,,,0.54,,"Science may never prove this but it could be the secret to health and longevity",0,1,,,2024-03-05 14:00:00+00:00,,,23900,232,5785,"user60,user61,user62,user63,user64,user41,user58,user56","user56,user57,user58,user41",150,427000
98,redapple.life,,US,https://www.instagram.com/redapple.life,,,,,503,269000,,,,,,,,,0.54,,"It's hidden in most food and 95% of people have no idea",0,1,,,2024-03-04 14:00:00+00:00,,,1122,35,406,"user60,user61,user62,user63","user56,user57,user58,user41",150,38100
99,rtl_france,17,FR,https://www.instagram.com/rtl_france,,,,,11800,369000,,,,,,,,,0.21,,"Un m√©dicament antidiab√©tique capable de ralentir l‚Äô√©volution de la maladie de Parkinson ? üíä",0,0,,,2024-04-25 16:40:00+00:00,,,186,4,3,,,320,16100
100,demotivateur,11,FR,https://www.instagram.com/demotivateur,,,,,7937,758000,,,,,,,,,0.54,,"Une grand-m√®re met du vin blanc dans le biberon, le b√©b√© fait un coma √©thylique!",0,1,,,2024-01-26 14:00:00+00:00,,,5881,204,261,,,6,362000
101,demotivateur,11,FR,https://www.instagram.com/demotivateur,,,,,7937,758000,,,,,,,,,0.54,,"Top 10 des aliments que tu peux consommer apr√®s leur date de p√©remption!",0,1,,,2024-01-26 14:00:00+00:00,,,6341,420,52,,,6,209000
102,demotivateur,11,FR,https://www.instagram.com/demotivateur,,,,,7937,758000,,,,,,,,,0.54,,"Pourquoi est-il dangereux pour la sant√© de r√©chauffer cet aliment?",0,1,,,2024-01-26 14:00:00+00:00,,,5572,207,110,,,6,419000
103,demotivateur,11,FR,https://www.instagram.com/demotivateur,,,,,7937,758000,,,,,,,,,0.54,,"Comment retarder l'arriv√©e des cheveux blancs?",0,1,,,2024-01-26 14:00:00+00:00,,,1180,29,21,,,6,109000
104,demotivateur,11,FR,https://www.instagram.com/demotivateur,,,,,7937,758000,,,,,,,,,0.54,,"A 102 ans, son assurance d√©c√®s est annul√©e car est trop vieille!",0,1,,,2024-01-26 14:00:00+00:00,,,12300,122,761,,,6,541000
105,demotivateur,11,FR,https://www.instagram.com/demotivateur,,,,,7937,758000,,,,,,,,,0.54,,"Une fille est n√©e avec 26 doigts!",0,1,,,2024-01-26 14:00:00+00:00,,,256,1,2,,,6,9896
106,demotivateur,11,FR,https://www.instagram.com/demotivateur,,,,,7937,758000,,,,,,,,,0.54,,"Elle n'est pas anesth√©si√©e parce que le medecin part en pause d√©jeuner!",0,1,,,2024-01-26 14:00:00+00:00,,,5271,28,310,,,6,291000
107,demotivateur,11,FR,https://www.instagram.com/demotivateur,,,,,7937,758000,,,,,,,,,0.54,,"On connait d√©j√† la prochaine √©pid√©mie mondiale!",0,1,,,2024-01-26 14:00:00+00:00,,,3175,52,222,,,6,218000
108,demotivateur,11,FR,https://www.instagram.com/demotivateur,,,,,7937,758000,,,,,,,,,0.54,,"Cette √©pice vous empeche d'avoir la calvitie",0,1,,,2024-01-26 14:00:00+00:00,,,11200,161,128,,,6,486000
109,demotivateur,11,FR,https://www.instagram.com/demotivateur,,,,,7937,758000,,,,,,,,,0.54,,"Les poeles ray√©es sont dangereuses poru la sant√©",0,1,,,2024-01-26 14:00:00+00:00,,,2277,61,24,,,6,111000
110,demotivateur,11,FR,https://www.instagram.com/demotivateur,,,,,7937,758000,,,,,,,,,0.54,,"Selon une √©tude, les maris seraient une √©norme source de stress dans le couple!",0,1,,,2024-01-26 14:00:00+00:00,,,32600,1119,2076,,,6,1500000
111,rtl_france,17,FR,https://www.instagram.com/rtl_france,,,,,11800,369000,,,,,,,,,0.21,,"Un enfant meurt du chol√©ra √† Mayotte : chronique sant√© du Dr. Jimmy Mohamed dans #RTLMatin üè• L'int√©gralit√© √† retrouver sur rtl.fr et l'application RTL",0,0,,,2024-04-25 16:40:00+00:00,,,174,13,8,,,320,16500
112,rtl_france,17,FR,https://www.instagram.com/rtl_france,,,,,11800,369000,,,,,,,,,0.21,,"Photo de profil de rtl_france Somnolence au volant : prenez un nappuccino ! Chronique sant√© du Dr. Jimmy Mohamed dans #RTLMatin avec Yves Calvi ‚òï L'int√©gralit√© de la chronique √† r√©√©couter sur rtl.fr et l'application RTL",0,0,,,2024-04-25 16:40:00+00:00,,,2593,28,19,,,320,282000
113,rtl_france,17,FR,https://www.instagram.com/rtl_france,,,,,11800,369000,,,,,,,,,0.21,,"Photo de profil de rtl_france ‚ÄúUn exercice bref mais suffisamment intense : prendre les escaliers‚Äù üí™üèº Chronique sant√© de @thebestofdiet dans #RTLMatin L‚Äôint√©gralit√© √† retrouver sur rtl.fr et l‚Äôapplication RTL",0,0,,,2024-04-25 16:40:00+00:00,,,353,10,6,,,320,25500
114,rtl_france,17,FR,https://www.instagram.com/rtl_france,,,,,11800,369000,,,,,,,,,0.21,,"C‚Äôest quoi une bonne tension art√©rielle ? Chronique sant√© du Dr. Jimmy Mohamed dans #RTLMatin üí™ L‚Äôint√©gralit√© √† r√©√©couter sur rtl.fr et l‚Äôapplication RTL ! .",0,0,,,2024-04-25 16:40:00+00:00,,,5117,89,73,,,320,434000
115,rtl_france,17,FR,https://www.instagram.com/rtl_france,,,,,11800,369000,,,,,,,,,0.21,,"EDITO RTL - M√©fiez-vous de toutes ces histoires de centenaires : ¬´ Il y en aurait sans doute beaucoup moins qu‚Äôon ne le dit... des fraudes √† la pension de retraite ! ¬ª L‚Äô√©dito de Fran√ßois Lenglet dans #RTLMatin üìª L‚Äôint√©gralit√© √† retrouver sur rtl.fr et l‚Äôapplication RTL",0,0,,,2024-04-25 16:40:00+00:00,,,21000,1042,299,,,320,1400000
116,rtl_france,17,FR,https://www.instagram.com/rtl_france,,,,,11800,369000,,,,,,,,,0.21,,"Jardiner, c‚Äôest bon pour la sant√© ! Chronique du Dr. Jimmy Mohamed √† 8h40 dans #RTLMatin üë®‚Äçüåæ L‚Äôint√©gralit√© √† r√©√©couter sur rtl.fr et l‚Äôapplication RTL !",0,0,,,2024-04-25 16:40:00+00:00,,,21000,1042,299,,,320,1400000
117,rtl_france,17,FR,https://www.instagram.com/rtl_france,,,,,11800,369000,,,,,,,,,0.21,,"Apr√®s la naissance de sa fille, Lorie, atteinte d'endom√©triose, d√©cide de se faire retirer l'ut√©rus. Elle se confie sur ce choix au micro d'Ana√Øs Bouton üì∫ Le podcast Tenaces √† √©couter en int√©gralit√© sur rtl.fr et l'application #RTL !",0,0,,,2024-04-25 16:40:00+00:00,,,3245,21,47,,,320,251000
118,rtl_france,17,FR,https://www.instagram.com/rtl_france,,,,,11800,369000,,,,,,,,,0.21,,"Une prise de sang pour d√©tecter l'arthrose ! Chronique sant√© du Dr. Jimmy Mohamed dans #RTLMatin üíâ L'int√©gralit√© √† r√©√©couter sur rtl.fr et l'application RTL",0,0,,,2024-04-25 16:40:00+00:00,,,3447,52,56,,,320,293000
119,rtl_france,17,FR,https://www.instagram.com/rtl_france,,,,,11800,369000,,,,,,,,,0.21,,"S√©dentarit√© : prendre l‚Äôescalier plut√¥t que l‚Äôascenseur pour vivre plus longtemps ! ",0,0,,,2024-04-25 16:40:00+00:00,,,2031,47,15,,,320,170000
120,rtl_france,17,FR,https://www.instagram.com/rtl_france,,,,,11800,369000,,,,,,,,,0.21,,"Photo de profil de rtl_france ‚ÄúChers ados, gr√¢ce aux √©crans, vous serez gros et aveugles !‚Äù : Philippe Caverivi√®re face au professeur Amine Benyamina et au Docteure Servane Mouton, co-pr√©sidents de la Commission √©crans.",0,0,,,2024-04-25 16:40:00+00:00,,,4384,58,117,,,320,169000
121,rtl_france,17,FR,https://www.instagram.com/rtl_france,,,,,11800,369000,,,,,,,,,0.21,,"¬´ Pas d‚Äô√©cran avant 3 ans, et d√©conseill√© avant 6 ans ¬ª : Professeur Amine Benyamina et Docteure Servane Mouton, co-pr√©sidents de la commission √©crans, invit√©s d‚ÄôAmandine B√©got dans #RTLMatin üì± L‚Äôint√©gralit√© de l‚Äôentretien √† r√©√©couter sur rtl.fr et l‚Äôapplication RTL",0,0,,,2024-04-25 16:40:00+00:00,,,517,22,21,,,320,43300
122,rtl_france,17,FR,https://www.instagram.com/rtl_france,,,,,11800,369000,,,,,,,,,0.21,,"Crudivorisme : ¬´ Les cons√©quences peuvent √™tre terribles ¬ª ",0,0,,,2024-04-25 16:40:00+00:00,,,292,2,6,,,320,41300
123,rtl_france,17,FR,https://www.instagram.com/rtl_france,,,,,11800,369000,,,,,,,,,0.21,,"Un m√©dicament antidiab√©tique capable de ralentir l‚Äô√©volution de la maladie de Parkinson ? üíä",0,0,,,2024-04-25 16:40:00+00:00,,,186,4,3,,,320,16100
124,rtl_france,17,FR,https://www.instagram.com/rtl_france,,,,,11800,369000,,,,,,,,,0.21,,"Pourquoi le sirop de menthe ne devrait jamais √™tre vert ? üü¢",0,0,,,2024-04-25 16:40:00+00:00,,,235,2,8,,,320,24900
125,rtl_france,17,FR,https://www.instagram.com/rtl_france,,,,,11800,369000,,,,,,,,,0.21,,"Recrudescence de la coqueluche en Europe, appel √† une vigilance renforc√©e en France ! ",0,0,,,2024-04-25 16:40:00+00:00,,,210,3,3,,,320,18100
126,rtl_france,17,FR,https://www.instagram.com/rtl_france,,,,,11800,369000,,,,,,,,,0.21,,"Sant√© : consommer certains √©mulsifiants augmente-t-il le risque de devenir diab√©tique ?",0,0,,,2024-04-25 16:40:00+00:00,,,2660,62,54,,,320,311000
127,hugodecrypte,22,FR,https://www.instagram.com/hugodecrypte,,,,,2120,3500000,,,,,,,,,1.78,,"La prochaine √©pid√©mie mondiale pourrait etre une grippe...",0,1,,,2024-09-05 17:00:00+00:00,,,68000,175,827,,,900,2700000
128,hugodecrypte,22,FR,https://www.instagram.com/hugodecrypte,,,,,2120,3500000,,,,,,,,,1.78,,"Un bilan de fertilit√© √† l'age de 25 ans? Le gouvernement y r√©fl√©chit",0,1,,,2024-09-05 17:00:00+00:00,,,92500,1691,3238,,,900,4700000
129,hugodecrypte,22,FR,https://www.instagram.com/hugodecrypte,,,,,2120,3500000,,,,,,,,,1.78,,"R√©armement d√©mographique Emmanuel Macron veut lutter contre la chute de natalit√© en France",0,1,,,2024-09-05 17:00:00+00:00,,,84400,492,2317,,,900,3800000
130,hugodecrypte,22,FR,https://www.instagram.com/hugodecrypte,,,,,2120,3500000,,,,,,,,,1.78,,"Aujourd‚Äôhui serait le jour le + d√©primant de l'ann√©e... Mais c'est faux",0,1,,,2024-09-05 17:00:00+00:00,,,111000,501,750,,,900,3900000
131,hugodecrypte,22,FR,https://www.instagram.com/hugodecrypte,,,,,2120,3500000,,,,,,,,,1.78,,"Carottes rap√©s, c√©leris. Ces plats Casino auraient √©t√© contamin√©s par un produit chimique",0,1,,,2024-09-05 17:00:00+00:00,,,42800,238,217,,,900,3000000
132,hugodecrypte,22,FR,https://www.instagram.com/hugodecrypte,,,,,2120,3500000,,,,,,,,,1.78,,"Virus Nipah : je t'explique s'il peut arriver jusqu'en France",0,1,,,2024-09-05 17:00:00+00:00,,,68000,175,827,,,900,2700000
133,hugodecrypte,22,FR,https://www.instagram.com/hugodecrypte,,,,,2120,3500000,,,,,,,,,1.78,,"Un adolescents est mort apr√®s avoir √©t√© percut√© par une voiture de police",0,1,,,2024-09-05 17:00:00+00:00,,,77800,310,2492,,,900,1700000
134,hugodecrypte,22,FR,https://www.instagram.com/hugodecrypte,,,,,2120,3500000,,,,,,,,,1.78,,"Dimanche : certains ont eu du mal √† respirer apr√®s l'orage ... Voici pourquoi",0,1,,,2024-09-05 17:00:00+00:00,,,116000,528,857,,,900,2400000
135,hugodecrypte,22,FR,https://www.instagram.com/hugodecrypte,,,,,2120,3500000,,,,,,,,,1.78,,"Le HCC bientot interdit en France",0,1,,,2024-09-05 17:00:00+00:00,,,29900,39,256,,,900,1000000
136,hugodecrypte,22,FR,https://www.instagram.com/hugodecrypte,,,,,2120,3500000,,,,,,,,,1.78,,"1 personnes sur 6 dans le monde n'arrive pas √† voir d'enfants",0,1,,,2024-09-05 17:00:00+00:00,,,72500,644,1081,,,900,1600000
137,hugodecrypte,22,FR,https://www.instagram.com/hugodecrypte,,,,,2120,3500000,,,,,,,,,1.78,,"1 jeune sur 5 pr√©sente des troubles d√©pressifs en France...",0,1,,,2024-09-05 17:00:00+00:00,,,86800,83,947,,,900,1500000
138,le_gorafi,16,FR,https://www.instagram.com/le_gorafi,,,,,3185,515000,,,,,,,,,2.48,,"Le personnel soigant devra rembourser les applaudissements re√ßus pendant le premier confinement",0,1,,,2024-09-03 14:00:00+00:00,,,8697,24,64,"user41",,0,175000
139,le_gorafi,16,FR,https://www.instagram.com/le_gorafi,,,,,3185,515000,,,,,,,,,2.48,,"Un joueur de ukul√©l√© accus√© de maltraitance sur ses amis",0,1,,,2024-09-03 14:00:00+00:00,,,3809,9,85,"user41",,0,164000
140,le_gorafi,16,FR,https://www.instagram.com/le_gorafi,,,,,3185,515000,,,,,,,,,2.48,,"Les pharmaciens autoris√©s √† d√©liver des antid√©presseurs sur simple pr√©station d'une simulation de retraite",0,1,,,2024-09-03 14:00:00+00:00,,,5295,22,33,"user41",,0,119000
141,le_gorafi,16,FR,https://www.instagram.com/le_gorafi,,,,,3185,515000,,,,,,,,,2.48,,"63% des Fran√ßais projettent de remettre un masque cet hiver pour se chauffer",0,1,,,2024-09-03 14:00:00+00:00,,,2450,27,16,"user41",,0,78400
142,le_gorafi,16,FR,https://www.instagram.com/le_gorafi,,,,,3185,515000,,,,,,,,,2.48,,"Il subit 8000 op√©rations de chirurgie esth√©tique pour ressembler √† du fromage de ch√®vre",0,1,,,2024-09-03 14:00:00+00:00,,,7035,216,211,"user41",,0,445000
143,le_gorafi,16,FR,https://www.instagram.com/le_gorafi,,,,,3185,515000,,,,,,,,,2.48,,"√©tude: la mort, 1√®re cause de mortalit√© chez les Fran√ßais de tous ages.",0,1,,,2024-09-03 14:00:00+00:00,,,9080,12,132,"user41",,0,123000
145,le_gorafi,16,FR,https://www.instagram.com/le_gorafi,,,,,3185,515000,,,,,,,,,2.48,,"La fondation Bill Gates rappelle pr√®s d'un million de doses de vaccin en raison de nanopuces 5G d√©faillantes",0,1,,,2024-09-03 14:00:00+00:00,,,2985,11,79,"user41",,0,94800
146,le_gorafi,16,FR,https://www.instagram.com/le_gorafi,,,,,3185,515000,,,,,,,,,2.48,,"Sur son lit de mort, il se dit qu'il a vraiment bien boss√© pour son entreprise",0,1,,,2024-09-03 14:00:00+00:00,,,5099,14,40,"user41",,0,65800
147,le_gorafi,16,FR,https://www.instagram.com/le_gorafi,,,,,3185,515000,,,,,,,,,2.48,,"Un milliardaire s'injecte du sang de millionnnaire pour paraitre plus proche du peuple",0,1,,,2024-09-03 14:00:00+00:00,,,4827,53,24,"user41",,0,137000
148,le_gorafi,16,FR,https://www.instagram.com/le_gorafi,,,,,3185,515000,,,,,,,,,2.48,,"Canicule :  il oublie ses glaces dans la voiture √† cot√© du chien mort",0,1,,,2024-09-03 14:00:00+00:00,,,6197,66,53,"user41",,0,169000
149,le_gorafi,16,FR,https://www.instagram.com/le_gorafi,,,,,3185,515000,,,,,,,,,2.48,,"L'enfer se dote enfin d'un acc√®s pour personne √† mobilit√© r√©duite",0,1,,,2024-09-03 14:00:00+00:00,,,11600,205,84,"user41",,0,253000
150,le_gorafi,16,FR,https://www.instagram.com/le_gorafi,,,,,3185,515000,,,,,,,,,2.48,,"Apr√®s un week-end de 3 jours avec ses neveux, il prend rendez-vous pour une vasectomie",0,1,,,2024-09-03 14:00:00+00:00,,,4573,72,54,"user41",,0,117000
151,le_gorafi,16,FR,https://www.instagram.com/le_gorafi,,,,,3185,515000,,,,,,,,,2.48,,"Paris - Un Qu√©b√©cois meurent de faim car personne n'arrivait √† le comprendre",0,1,,,2024-09-03 14:00:00+00:00,,,5959,81,95,"user41",,0,144000
152,le_gorafi,16,FR,https://www.instagram.com/le_gorafi,,,,,3185,515000,,,,,,,,,2.48,,"Emmanuel Macron propose finalement la retraite √† 63 ans et 12 mois",0,1,,,2024-09-03 14:00:00+00:00,,,7036,156,95,"user41",,0,157000
153,le_gorafi,16,FR,https://www.instagram.com/le_gorafi,,,,,3185,515000,,,,,,,,,2.48,,"Un happiness manager ne se sent pas capable d'organiser des tournois de baby-foot en open-space jusqu'√† 64 ans",0,1,,,2024-09-03 14:00:00+00:00,,,3101,5,17,"user41",,0,95500
156,demotivateur,11,FR,https://www.instagram.com/demotivateur,,,,,7937,758000,,,,,,,,,0.54,,"Pourquoi est-il dangereux pour la sant√© de r√©utiliser des bouteilles en plastique?",0,1,,,2024-01-26 14:00:00+00:00,,,5795,194,138,,,6,302000
157,demotivateur,11,FR,https://www.instagram.com/demotivateur,,,,,7937,758000,,,,,,,,,0.54,,"Pourquoi on p√®te plus dans l'avion?",0,1,,,2024-01-26 14:00:00+00:00,,,1332,15,14,,,6,94400
158,demotivateur,11,FR,https://www.instagram.com/demotivateur,,,,,7937,758000,,,,,,,,,0.54,,"C'est quoi la crise des 25 ans?",0,1,,,2024-01-26 14:00:00+00:00,,,2120,33,32,,,6,69500
159,demotivateur,11,FR,https://www.instagram.com/demotivateur,,,,,7937,758000,,,,,,,,,0.54,,"Il force son fils √† faire du sport pour perdre du poids, l'enfant meurt...",0,1,,,2024-01-26 14:00:00+00:00,,,5231,67,162,,,6,194000
160,demotivateur,11,FR,https://www.instagram.com/demotivateur,,,,,7937,758000,,,,,,,,,0.54,,"Ces jeunes ne sortent plus de chez eux pendant des ann√©es!",0,1,,,2024-01-26 14:00:00+00:00,,,5810,97,273,,,6,210000
170,demotivateur,11,FR,https://www.instagram.com/demotivateur,,,,,7937,758000,,,,,,,,,0.54,,"Rester au lit serait dangereux pour la sant√©!",0,1,,,2024-01-26 14:00:00+00:00,,,5939,142,99,,,6,203000
171,demotivateur,11,FR,https://www.instagram.com/demotivateur,,,,,7937,758000,,,,,,,,,0.54,,"Comment retarder l'arriv√©e des cheveux blancs?",0,1,,,2024-01-26 14:00:00+00:00,,,1180,29,21,,,6,109000
172,demotivateur,11,FR,https://www.instagram.com/demotivateur,,,,,7937,758000,,,,,,,,,0.54,,"Une femme serait plus heureuse si son mari est moche!",0,1,,,2024-01-26 14:00:00+00:00,,,17400,1169,791,,,6,1000000
173,demotivateur,11,FR,https://www.instagram.com/demotivateur,,,,,7937,758000,,,,,,,,,0.54,,"L'arnaque aux faux enterrements, c'est quoi?",0,1,,,2024-01-26 14:00:00+00:00,,,1775,23,30,,,6,12700
174,demotivateur,11,FR,https://www.instagram.com/demotivateur,,,,,7937,758000,,,,,,,,,0.54,,"Combien de fois par jour tu dois aller aux toilettes?",0,1,,,2024-01-26 14:00:00+00:00,,,4477,21,86,,,6,313000
175,demotivateur,11,FR,https://www.instagram.com/demotivateur,,,,,7937,758000,,,,,,,,,0.54,,"Voila les fruits et l√©gumes de saison qu'il faut manger",0,1,,,2024-01-26 14:00:00+00:00,,,978,6,17,,,6,62300
176,demotivateur,11,FR,https://www.instagram.com/demotivateur,,,,,7937,758000,,,,,,,,,0.54,,"Ivre, il n'est pas arret√© car il produit naturellement de l'alcool",0,1,,,2024-01-26 14:00:00+00:00,,,2764,38,13,,,6,98900
177,demotivateur,11,FR,https://www.instagram.com/demotivateur,,,,,7937,758000,,,,,,,,,0.54,,"Quelles sont les attractions les plus dangereuses en fete forraine?",0,1,,,2024-01-26 14:00:00+00:00,,,1529,7,17,,,6,56300
178,demotivateur,11,FR,https://www.instagram.com/demotivateur,,,,,7937,758000,,,,,,,,,0.54,,"Selon la science les ados sentent la ch√®vre!",0,1,,,2024-01-26 14:00:00+00:00,,,1747,13,30,,,6,82900
179,demotivateur,11,FR,https://www.instagram.com/demotivateur,,,,,7937,758000,,,,,,,,,0.54,,"Selon la science, le deuxi√®me enfant serait le plus difficile!",0,1,,,2024-01-26 14:00:00+00:00,,,6946,83,171,,,6,383000
180,demotivateur,11,FR,https://www.instagram.com/demotivateur,,,,,7937,758000,,,,,,,,,0.54,,"Un facteur jette 400 lettres parce qu'il a froid",0,1,,,2024-01-26 14:00:00+00:00,,,3103,20,78,,,6,134000
181,demotivateur,11,FR,https://www.instagram.com/demotivateur,,,,,7937,758000,,,,,,,,,0.54,,"Faites le plein de gourmandises et de vitamines avec cette recette de planche mixte sucr√©e 100% fruits!",0,1,,,2024-01-26 14:00:00+00:00,,,856,2,4,,,6,327000
182,konbini,7,FR,https://www.instagram.com/konbini,,,,,17900,2700000,,,,,,,,,0.31,,"Allez-vous vous baigner dans la Seine ? Et continuera-t-elle √† √™tre entretenue pour s'y baigner apr√®s les JO ?",0,1,,,2024-04-10 19:30:00+00:00,,,8744,88,866,,,194,908000
183,konbini,7,FR,https://www.instagram.com/konbini,,,,,17900,2700000,,,,,,,,,0.31,,"Photo de profil de konbini Il faut avoir peur du VIH mais pas des personnes s√©ropositives Le VIH/sida n‚Äôa pas emp√™ch√© Andr√©a de devenir m√®re de trois enfants. Engag√©e contre la s√©rophobie, elle nous avait fait part de son t√©moignage.",0,1,,,2024-04-10 19:30:00+00:00,,,10500,233,129,,,194,518000
184,konbini,7,FR,https://www.instagram.com/konbini,,,,,17900,2700000,,,,,,,,,0.31,,"Le journaliste Elliot Wax a enqu√™t√© sur le processus de radicalisation complotiste de son fr√®re. Pendant la crise sanitaire, il d√©cide de s‚Äôinfiltrer dans les organisations suivies par son fr√®re afin de montrer l‚Äôenvers du d√©cor du conspirationnisme et contrer ses croyances. Il t√©moigne.",0,1,,,2024-04-10 19:30:00+00:00,,,27900,198,981,,,194,1200000
185,konbini,7,FR,https://www.instagram.com/konbini,,,,,17900,2700000,,,,,,,,,0.31,,"La rumeur dit que, depuis le tournage, @tristanlopin ne quitte plus son uniforme et sa fameuse trousse de secours. Cette vid√©o n'est pas un tuto, pour vous former aux premiers secours ou devenir secouriste √† la Croix-Rouge fran√ßaise, rendez-vous sur @croixrougefr",0,1,,,2024-04-10 19:30:00+00:00,,,3988,54,26,,,194,275000
186,konbini,7,FR,https://www.instagram.com/konbini,,,,,17900,2700000,,,,,,,,,0.31,,"‚ÄúLe jeu est une drogue‚Äù En abstinence depuis 17 ans, Anthony est addict aux jeux de course et au poker. Vie de famille, mensonges et d√©penses excessives : il raconte l‚Äôimpact des jeux d‚Äôargent sur son quotidien.",0,1,,,2024-04-10 19:30:00+00:00,,,8651,44,42,,,194,667000
187,konbini,7,FR,https://www.instagram.com/konbini,,,,,17900,2700000,,,,,,,,,0.31,,"Ma grossesse m'a sauv√© la vie. Virgilia Hess (@virgilia_h) a √©t√© diagnostiqu√©e d'un cancer du sein alors qu'elle √©tait enceinte de 5 mois et demi. Elle nous expliquait comment elle a g√©r√© sa grossesse, entre les chimios et les rendez-vous m√©dicaux. ",0,1,,,2024-04-10 19:30:00+00:00,,,7992,44,28,,,194,738000
188,konbini,7,FR,https://www.instagram.com/konbini,,,,,17900,2700000,,,,,,,,,0.31,,"@anaiswerestchackoff, m√©decin g√©n√©raliste et ancienne miss Auvergne, a pris la route √† bord de son van pour un ¬´ tour de France des d√©serts m√©dicaux ¬ª. Avec Brice Philippon, son compagnon kin√©sith√©rapeute, ils vont en aide aux praticiens qui ont du mal √† trouver des rempla√ßants. On les a suivi.",0,1,,,2024-04-10 19:30:00+00:00,,,7355,140,166,,,194,349000
189,konbini,7,FR,https://www.instagram.com/konbini,,,,,17900,2700000,,,,,,,,,0.31,,"L‚Äôaide m√©dicale √† mourir (ou euthanasie), est aujourd‚Äôhui ill√©gale en France. Deux m√©decins se confrontaient sur le sujet de sa l√©galisation : Denis Labayle est pour : ‚ÄúC‚Äôest le malade qui doit √™tre ma√Ætre de sa situation‚Äù Sarah Halioui est contre : ‚ÄúLe patient n‚Äôa pas une r√©ponse unique selon les jours, selon sa souffrance. Il faut le prendre en compte‚Äù",0,1,,,2024-04-10 19:30:00+00:00,,,11300,97,202,,,194,439000
190,konbini,7,FR,https://www.instagram.com/konbini,,,,,17900,2700000,,,,,,,,,0.31,,"Le droit d'acc√®s √† l'IVG et la libert√© d'acc√®s √† l'IVG sont des termes compl√®tement diff√©rents. H√©lo√Øse, nous explique. @ledroitdecomprendreledroit",0,1,,,2024-04-10 19:30:00+00:00,,,17100,270,995,,,194,637000
191,konbini,7,FR,https://www.instagram.com/konbini,,,,,17900,2700000,,,,,,,,,0.31,,"Lorsque vous interdisez officiellement l‚Äôavortement, les femmes vont trouver d‚Äôautres moyens. Nous avions suivi Alisoa, une matrone, qui pratique des avortements clandestins √† Madagascar. Entre les complications suite aux avortements, l'impossibilit√© d'avorter en cas de malformation du foetus ou de viol et d'inceste, des pans de la soci√©t√© malgache s'activent pour changer les choses.",0,1,,,2024-04-10 19:30:00+00:00,,,13500,396,115,,,194,445000
192,konbini,7,FR,https://www.instagram.com/konbini,,,,,17900,2700000,,,,,,,,,0.31,,"Syndrome du b√©b√© secou√© : l‚Äôhistoire de Fr√©d√©rique, pr√©sum√©e coupable.",0,1,,,2024-04-10 19:30:00+00:00,,,6499,19,57,,,194,732000
193,konbini,7,FR,https://www.instagram.com/konbini,,,,,17900,2700000,,,,,,,,,0.31,,"Alena a avort√© lorsqu'elle avait 16 ans. Au-del√† de cette exp√©rience, elle nous parlait de la sensationnalisation d'un acte m√©dical par ses d√©tracteurs, et la honte impos√©e aux femmes qui avortent : ‚ÄúQuand on avorte, la soci√©t√© nous impose le silence et la honte‚Äù",0,1,,,2024-04-10 19:30:00+00:00,,,23900,269,1578,,,194,1000000
194,konbini,7,FR,https://www.instagram.com/konbini,,,,,17900,2700000,,,,,,,,,0.31,,"‚ÄúLa femme qui vient d‚Äôaccoucher, c‚Äôest vrai qu‚Äôon n‚Äôen parle pas beaucoup‚ÄùBaby blues, prise de poids, sexualit√© et r√©seaux sociaux : @lenna.vivas , cr√©atrice de contenus, d√©voile la r√©alit√© du post-partum.",0,1,,,2024-04-10 19:30:00+00:00,,,23700,213,129,,,194,1300000
195,konbini,7,FR,https://www.instagram.com/konbini,,,,,17900,2700000,,,,,,,,,0.31,,"C‚Äôest fait : la France devient le premier pays au monde √† inscrire explicitement l‚ÄôIVG dans sa Constitution, suite au vote du Congr√®s. On a suivi le r√©sultat en direct au Trocad√©ro !",0,1,,,2024-04-10 19:30:00+00:00,,,84100,5359,1492,,,194,2000000
196,konbini,7,FR,https://www.instagram.com/konbini,,,,,17900,2700000,,,,,,,,,0.31,,"Syndrome du b√©b√© secou√© : l'histoire de Maria, ancienne assistante maternelle et pr√©sum√©e coupable.",0,1,,,2024-04-10 19:30:00+00:00,,,15000,93,157,,,194,1100000
197,konbini,7,FR,https://www.instagram.com/konbini,,,,,17900,2700000,,,,,,,,,0.31,,"La psycho-sociologue @christelealbaret explique comment vivre au quotidien avec une personne en d√©pression et donne ses conseils aux aidants pour ne pas sombrer.",0,1,,,2024-04-10 19:30:00+00:00,,,14900,668,177,,,194,646000
198,konbini,7,FR,https://www.instagram.com/konbini,,,,,17900,2700000,,,,,,,,,0.31,,"√Ä l'occasion du mois de sensibilisation au my√©lome multiple, un duo : Laurent Gillot, pr√©sident de l'association @myelomefr, et le Pr. Mohamad Mohty, pour nous √©clairer sur ce cancer du sang.",0,1,,,2024-04-10 19:30:00+00:00,,,4468,22,28,,,194,436000
199,rtl_france,17,FR,https://www.instagram.com/rtl_france,,,,,11800,369000,,,,,,,,,0.21,,"Les cr√®mes solaires mentent-elles sur leur indice de protection ? ",0,0,,,2024-04-25 16:40:00+00:00,,,6337,127,273,,,320,596000
200,rtl_france,17,FR,https://www.instagram.com/rtl_france,,,,,11800,369000,,,,,,,,,0.21,,"Un Belge √©chappe √† une condamnation pour ivresse en prouvant que son corps produit naturellement de l‚Äôalcool ! ",0,0,,,2024-04-25 16:40:00+00:00,,,2280,31,25,,,320,313000
201,rtl_france,17,FR,https://www.instagram.com/rtl_france,,,,,11800,369000,,,,,,,,,0.21,,"‚ÄúSvp pas de coca√Øne dans la flamme olympique !‚Äù Philippe Caverivi√®re en direct de Marseille et face au pr√©fet de Police, Pierre-Edouard Colliex üòÇ",0,0,,,2024-04-25 16:40:00+00:00,,,2396,29,35,,,320,84400
202,rtl_france,17,FR,https://www.instagram.com/rtl_france,,,,,11800,369000,,,,,,,,,0.21,,"Les oeufs √† la coke",0,0,,,2024-04-25 16:40:00+00:00,,,1483,1,25,,,320,117000
203,rtl_france,17,FR,https://www.instagram.com/rtl_france,,,,,11800,369000,,,,,,,,,0.21,,"Sant√© mentale : "On ne se rend pas compte √† quel point la jeunesse souffre"",0,0,,,2024-04-25 16:40:00+00:00,,,2080,152,75,,,320,71600
204,rtl_france,17,FR,https://www.instagram.com/rtl_france,,,,,11800,369000,,,,,,,,,0.21,,"Me Too H√¥pital : ¬´ Ces femmes me d√©crivent les agressions, les actes, la participation des chefs √† ce syst√®me... Et finissent toujours par me dire, ¬´ surtout n‚Äôen parle pas ¬ª ¬ª  Marine Silvestre, interne en m√©decine, explique l‚Äôomerta qui r√®gne √† l‚Äôh√¥pital √† propos des violences sexistes et sexuelles. ",0,0,,,2024-04-25 16:40:00+00:00,,,441,9,15,,,320,45900
205,rtl_france,17,FR,https://www.instagram.com/rtl_france,,,,,11800,369000,,,,,,,,,0.21,,"L‚Äôimportance du vaccin contre le papillomavirus, il faut vacciner les filles et les gar√ßons ",0,0,,,2024-04-25 16:40:00+00:00,,,4328,197,341,,,320,427000
206,rtl_france,17,FR,https://www.instagram.com/rtl_france,,,,,11800,369000,,,,,,,,,0.21,,"¬´ J‚Äôai continu√© √† courir pour me sentir vivante et penser √† autre chose que la maladie ¬ª",0,0,,,2024-04-25 16:40:00+00:00,,,2594,45,28,,,320,103000
207,rtl_france,17,FR,https://www.instagram.com/rtl_france,,,,,11800,369000,,,,,,,,,0.21,,"Une Am√©ricaine a re√ßu un mauvais diagnostic de cancer : Stevie Wonder reconvertit en oncologue ! üòé,0,0,,,2024-04-25 16:40:00+00:00,,,294,2,8,,,320,34700
208,rtl_france,17,FR,https://www.instagram.com/rtl_france,,,,,11800,369000,,,,,,,,,0.21,,"L'astuce hydratation de Jennifer Aniston: la vaseline!",0,0,,,2024-04-25 16:40:00+00:00,,,2013,2,167,,,320,450000
209,rtl_france,17,FR,https://www.instagram.com/rtl_france,,,,,11800,369000,,,,,,,,,0.21,,"¬´ Si on interdit la cigarette, interdisons aussi les frites ¬ª ",0,0,,,2024-04-25 16:40:00+00:00,,,172,1,10,,,320,17000
210,rtl_france,17,FR,https://www.instagram.com/rtl_france,,,,,11800,369000,,,,,,,,,0.21,,"¬´ L‚Äôintelligence artificielle et la Silicon Valley veulent tuer la mort, et ce n‚Äôest pas une m√©taphore ¬ª ",0,0,,,2024-04-25 16:40:00+00:00,,,559,26,155,,,320,57200
211,rtl_france,17,FR,https://www.instagram.com/rtl_france,,,,,11800,369000,,,,,,,,,0.21,,"ü§£ #MeToo √† l‚Äôh√¥pital : ¬´ Le jeu Docteur Maboul va devenir Docteur Mes boules ! ¬ª",0,0,,,2024-04-25 16:40:00+00:00,,,271,10,12,,,320,22400
212,rtl_france,17,FR,https://www.instagram.com/rtl_france,,,,,11800,369000,,,,,,,,,0.21,,"L'orgelet c'est comme un bouton",0,0,,,2024-04-25 16:40:00+00:00,,,2923,11,78,,,320,460000
213,rtl_france,17,FR,https://www.instagram.com/rtl_france,,,,,11800,369000,,,,,,,,,0.21,,"Bonne nouvelle pour les amateurs de pain : manger deux baguettes par jour ne serait pas mauvais pour la sant√© pour le m√©decin nutritionniste Jean-Michel Cohen ! ü•ñ",0,0,,,2024-04-25 16:40:00+00:00,,,3726,42,488,,,320,475000
214,rtl_france,17,FR,https://www.instagram.com/rtl_france,,,,,11800,369000,,,,,,,,,0.21,,"¬´ Il n‚Äôy a pas une fa√ßon de parler √† une personne en situation de handicap ¬ª",0,0,,,2024-04-25 16:40:00+00:00,,,28800,609,158,,,320,1000000
215,rtl_france,17,FR,https://www.instagram.com/rtl_france,,,,,11800,369000,,,,,,,,,0.21,,"Le tabagisme passif augmenterait le risque d'arythmie caridiaque",0,0,,,2024-04-25 16:40:00+00:00,,,2014,34,27,,,320,256000
