Unnamed: 0,Followers,Followings,Bio length,Fullname,Private,Post count,Average number of media likes,Media count,Last month media count,Account type,Consecutive characters in username,Number of digits in username
0,134,241,19,True,True,2,,,,Fake,4,0
1,129,427,0,True,True,0,,,,Fake,2,4
2,168,790,120,True,True,6,,,,Fake,2,2
3,66,110,37,True,True,8,,,,Fake,0,4
4,21,51,43,False,True,3,,,,Fake,2,0
5,6,911,0,True,True,0,,,,Fake,0,0
6,79,212,66,True,True,1,,,,Fake,0,0
7,27,656,0,True,True,0,,,,Fake,0,1
8,2,915,0,True,True,0,,,,Fake,0,2
9,160,56,49,True,True,0,,,,Fake,0,1
10,6,30,0,False,False,0,0.0,0.0,0.0,Fake,0,0
11,0,53,0,False,True,0,,,,Fake,0,2
12,44,174,74,False,False,2,146.0,2.0,0.0,Fake,0,2
13,6,105,0,False,True,0,,,,Fake,2,0
14,22869,0,122,True,False,57,3235.61538461538,13.0,13.0,Fake,0,0
15,26,24,68,True,True,5,,,,Fake,0,1
16,27,51,0,True,True,0,,,,Fake,6,0
17,2,9,0,False,True,0,,,,Fake,3,3
18,0,1,0,True,False,0,0.0,0.0,0.0,Fake,2,0
19,18,177,0,False,True,0,,,,Fake,2,4
20,16,2172,0,False,False,18,0.0,12.0,0.0,Fake,0,0
21,29,248,0,True,True,0,,,,Fake,2,0
22,76,23,0,False,False,0,0.0,0.0,0.0,Fake,0,4
23,31,426,0,True,False,20,0.0,12.0,12.0,Fake,0,3
24,89,461,0,True,False,25,5.08333333333333,12.0,12.0,Fake,0,1
25,82,389,0,True,False,4,10.8,5.0,0.0,Fake,0,2
26,1,1,0,False,False,0,0.0,0.0,0.0,Fake,2,4
27,212,370,42,True,True,0,,,,Fake,2,0
28,2,68,0,False,True,0,,,,Fake,0,4
29,530,350,1,True,True,1,,,,Fake,0,0
30,2,2165,0,True,False,15,0.0,12.0,0.0,Fake,0,4
31,160,272,86,True,True,0,,,,Fake,0,0
32,12,181,8,True,True,3,,,,Fake,0,0
33,10,215,0,True,True,2,,,,Fake,0,0
34,24,6832,0,True,False,14,0.0833333333333333,12.0,0.0,Fake,0,6
35,5,2138,0,False,False,15,0.0833333333333333,12.0,0.0,Fake,0,3
36,12,1139,0,True,False,0,0.0,0.0,0.0,Fake,2,1
37,8,13,0,True,True,0,,,,Fake,0,0
38,14,119,0,False,False,2,0.0,2.0,0.0,Fake,0,3
39,0,9,0,False,True,0,,,,Fake,0,4
40,40,4825,137,True,False,12,0.25,12.0,0.0,Fake,2,0
41,65,97,0,False,True,0,,,,Fake,0,0
42,57,52,24,True,False,4,12.0,4.0,0.0,Fake,2,0
43,0,1,0,True,True,0,,,,Fake,0,4
44,56,47,0,True,False,17,2.45,20.0,14.0,Fake,2,2
45,0,1,0,True,False,0,0.0,0.0,0.0,Fake,0,0
46,14,400,14,False,True,33,,,,Fake,2,0
47,13,2150,0,False,False,15,0.0,12.0,0.0,Fake,0,4
48,11,939,0,True,False,0,0.0,0.0,0.0,Fake,0,0
49,211,954,0,True,False,7,23.4285714285714,7.0,2.0,Fake,0,2
50,46,5201,0,True,False,13,0.0833333333333333,12.0,0.0,Fake,0,1
51,13,88,0,True,False,0,0.0,0.0,0.0,Fake,0,0
52,0,2,0,True,True,0,,,,Fake,0,5
53,5,106,0,False,False,0,0.0,0.0,0.0,Fake,2,0
54,66,401,10,True,False,1,3.0,1.0,0.0,Fake,0,0
55,117,111,0,True,True,5,,,,Fake,0,4
56,0,2,0,False,True,1,,,,Fake,0,0
57,0,0,0,False,False,0,0.0,0.0,0.0,Fake,2,0
58,19,70,0,False,True,0,,,,Fake,0,1
59,5,72,0,False,True,0,,,,Fake,0,0
60,0,924,0,True,True,0,,,,Fake,2,3
61,0,6,0,False,False,0,0.0,0.0,0.0,Fake,2,4
62,0,0,0,False,False,0,0.0,0.0,0.0,Fake,0,0
63,21,71,0,True,True,3,,,,Fake,0,0
64,1,16,0,False,False,0,0.0,0.0,0.0,Fake,2,4
65,86,435,12,True,False,0,0.0,0.0,0.0,Fake,0,1
66,6,13,17,True,True,6,,,,Fake,0,4
67,0,31,0,False,True,0,,,,Fake,3,3
68,0,0,0,False,True,0,,,,Fake,0,0
69,0,0,0,False,False,0,0.0,0.0,0.0,Fake,2,0
70,0,0,0,False,True,0,,,,Fake,0,0
71,1046,0,224,False,False,4,1.0,4.0,0.0,Fake,0,0
72,57,145,0,True,True,8,,,,Fake,0,5
73,0,3,0,False,False,0,0.0,0.0,0.0,Fake,3,0
74,3,78,0,False,True,0,,,,Fake,2,0
75,550,7298,50,True,False,108,25.6428571428571,14.0,2.0,Fake,0,3
76,0,564,7,False,True,0,,,,Fake,0,4
77,18,1228,0,True,True,0,,,,Fake,0,3
78,391,1136,0,True,True,0,,,,Fake,0,6
79,83,700,0,True,True,0,,,,Fake,0,0
80,0,169,0,True,True,7,,,,Fake,0,0
81,1642,795,43,True,True,18,,,,Fake,2,0
82,48,584,0,False,True,0,,,,Fake,0,2
83,19,136,0,True,True,1,,,,Fake,4,0
84,925,6378,0,True,True,6,,,,Fake,0,0
85,33,358,0,True,True,8,,,,Fake,2,0
86,33,596,63,False,True,0,,,,Fake,2,0
87,80,802,662,True,True,5,,,,Fake,0,0
88,146,579,93,True,True,0,,,,Fake,2,0
89,135,1751,0,True,False,2,23.0,2.0,0.0,Fake,3,3
90,76,165,0,True,True,1,,,,Fake,0,0
91,86,85,34,True,True,8,,,,Fake,3,0
92,191,333,12,True,True,0,,,,Fake,2,0
93,132,262,99,True,True,17,,,,Fake,0,0
94,44,61,19,True,True,0,,,,Fake,0,0
95,146,180,40,True,True,3,,,,Fake,2,2
96,0,172,0,False,False,0,0.0,0.0,0.0,Fake,0,4
97,134,510,0,True,True,4,,,,Fake,0,0
98,2,737,0,False,True,0,,,,Fake,3,0
99,390,0,160,True,False,8,41.3636363636363,11.0,11.0,Fake,0,1
100,139,604,36,True,True,28,,,,Fake,0,3
101,22,362,22,True,True,148,,,,Fake,0,0
102,21,66,118,True,True,4,,,,Fake,0,0
103,7,43,42,True,False,0,0.0,0.0,0.0,Fake,2,0
104,140,330,0,True,False,26,6.75,12.0,12.0,Fake,2,0
105,0,302,63,False,True,1,,,,Fake,2,0
106,92,155,0,True,True,0,,,,Fake,0,0
107,3,8,0,True,False,0,0.0,0.0,0.0,Fake,0,3
108,112,273,315,True,True,3,,,,Fake,0,2
109,27,10,139,True,False,9,15.0,9.0,9.0,Fake,0,0
110,247,218,95,True,True,7,,,,Fake,0,0
111,2,68,0,False,True,0,,,,Fake,0,0
112,2,18,0,False,False,0,0.0,0.0,0.0,Fake,2,0
113,1,53,0,True,True,0,,,,Fake,0,0
114,0,50,0,False,True,0,,,,Fake,0,0
115,50,117,0,False,True,0,,,,Fake,0,4
116,15,37,0,False,False,0,0.0,0.0,0.0,Fake,0,2
117,33,2511,0,True,True,0,,,,Fake,0,0
118,0,11,0,False,True,0,,,,Fake,2,0
119,12,35,0,True,True,0,,,,Fake,2,1
120,23,61,0,False,True,0,,,,Fake,0,1
121,56,169,104,True,True,0,,,,Fake,0,0
122,1,122,47,True,True,0,,,,Fake,2,0
123,22,457,0,False,False,0,0.0,0.0,0.0,Fake,0,3
124,1,658,0,False,True,0,,,,Fake,0,0
125,25,331,29,True,True,0,,,,Fake,0,0
126,32,276,47,True,True,0,,,,Fake,0,0
127,1,16,0,False,True,0,,,,Fake,0,0
128,4,231,0,False,True,0,,,,Fake,2,0
129,7,141,0,False,True,0,,,,Fake,3,0
130,0,642,0,False,True,1,,,,Fake,2,2
131,3,33,0,False,True,0,,,,Fake,2,0
132,460,4743,12,False,False,0,0.0,0.0,0.0,Fake,2,0
133,43,112,18,True,True,0,,,,Fake,2,2
134,113,16,37,True,True,0,,,,Fake,2,2
135,16,128,0,True,True,0,,,,Fake,0,4
136,0,61,0,False,True,0,,,,Fake,3,0
137,0,94,0,False,True,0,,,,Fake,0,0
138,0,154,0,True,True,0,,,,Fake,3,4
139,0,318,0,False,True,0,,,,Fake,4,0
140,1,34,67,False,True,0,,,,Fake,0,0
141,4,78,0,False,False,0,0.0,0.0,0.0,Fake,0,5
142,9,47,0,False,True,0,,,,Fake,0,4
143,36,82,0,False,False,2,3.0,2.0,2.0,Fake,0,0
144,21,134,0,True,True,0,,,,Fake,0,0
145,14,60,26,True,False,0,0.0,0.0,0.0,Fake,3,2
146,22,196,0,False,True,0,,,,Fake,2,3
147,5,59,0,False,False,0,0.0,0.0,0.0,Fake,2,3
148,0,74,0,False,True,1,,,,Fake,0,0
149,13,2016,0,True,False,0,0.0,0.0,0.0,Fake,0,5
150,47,593,220,True,True,0,,,,Fake,3,0
151,5,316,0,False,False,0,0.0,0.0,0.0,Fake,0,2
152,23,360,0,True,False,0,0.0,0.0,0.0,Fake,2,0
153,2,12,1,True,True,0,,,,Fake,0,6
154,13,38,17,True,True,0,,,,Fake,0,0
155,24,832,0,True,True,0,,,,Fake,0,2
156,10,110,82,False,True,0,,,,Fake,0,0
157,0,12,0,False,True,0,,,,Fake,0,0
158,65,41,3,True,True,2,,,,Fake,0,1
159,4,60,0,False,True,75,,,,Fake,0,0
160,48,82,165,False,True,0,,,,Fake,0,2
161,0,17,0,False,True,0,,,,Fake,3,6
162,15,577,18,True,True,0,,,,Fake,0,5
163,0,146,0,True,True,0,,,,Fake,0,2
164,4,33,0,False,True,0,,,,Fake,0,3
165,9,368,0,True,True,0,,,,Fake,0,1
166,16,496,0,False,True,0,,,,Fake,2,0
167,0,53,0,False,True,0,,,,Fake,0,0
168,0,52,0,False,False,0,0.0,0.0,0.0,Fake,0,0
169,0,25,0,True,True,0,,,,Fake,2,3
170,18,143,207,False,True,8,,,,Fake,0,0
171,80,58,13,False,False,0,0.0,0.0,0.0,Fake,0,0
172,0,55,0,True,True,0,,,,Fake,2,0
173,0,1,0,False,True,0,,,,Fake,3,3
174,0,186,0,False,True,0,,,,Fake,2,0
175,7,32,0,False,False,0,0.0,0.0,0.0,Fake,0,0
176,5,67,0,True,False,0,0.0,0.0,0.0,Fake,0,4
177,0,178,0,False,True,0,,,,Fake,0,0
178,0,32,0,True,True,0,,,,Fake,0,4
179,0,90,0,False,True,0,,,,Fake,0,0
180,74,225,40,False,True,0,,,,Fake,2,0
181,74,1725,0,True,False,1,20.0,1.0,1.0,Fake,0,1
182,2,16,0,False,True,0,,,,Fake,2,3
183,0,2,0,False,True,0,,,,Fake,2,1
184,30,75,0,True,True,0,,,,Fake,2,2
185,3,151,13,False,True,0,,,,Fake,0,0
186,59,163,0,True,True,0,,,,Fake,0,4
187,0,21,0,False,True,0,,,,Fake,0,0
188,33,56,37,True,False,0,0.0,0.0,0.0,Fake,0,3
189,7,180,0,False,True,0,,,,Fake,2,8
190,134,2972,253,True,True,2,,,,Fake,0,0
191,0,104,0,False,True,0,,,,Fake,0,2
192,134,32,51,True,True,5,,,,Fake,2,0
193,21,49,20,False,True,0,,,,Fake,0,0
194,2,74,0,True,True,2,,,,Fake,2,2
195,0,3,0,True,True,1,,,,Fake,0,0
196,12,2770,0,False,True,0,,,,Fake,0,0
197,76,85,2,False,True,0,,,,Fake,2,0
198,14,83,0,True,True,1,,,,Fake,0,0
199,18,5866,0,True,False,9,0.222222222222222,9.0,0.0,Fake,2,4
200,34,81,0,True,True,0,,,,Fake,0,0
201,33,74,0,True,True,6,,,,Fake,2,2
202,41,60,0,True,True,1,,,,Fake,0,0
203,20,132,0,True,True,5,,,,Fake,0,0
204,9,13,0,True,False,0,0.0,0.0,0.0,Fake,0,0
205,25,1760,0,True,False,15,0.0833333333333333,12.0,0.0,Fake,2,0
206,54,74,0,False,True,0,,,,Fake,0,1
207,130,194,49,True,True,1,,,,Fake,2,0
208,0,0,25,True,True,1,,,,Fake,2,0
209,0,20,0,True,False,0,0.0,0.0,0.0,Fake,2,0
210,78,192,21,True,True,45,,,,Fake,2,0
211,0,40,0,False,True,0,,,,Fake,2,7
212,0,84,0,True,True,0,,,,Fake,0,1
213,75,76,27,True,True,0,,,,Fake,0,0
214,110,156,125,True,False,4,34.25,4.0,3.0,Fake,2,4
215,42,7482,0,True,False,12,1.41666666666666,12.0,0.0,Fake,0,3
216,66,398,0,True,False,5,3.8,5.0,0.0,Fake,0,1
217,16,152,0,True,True,0,,,,Fake,0,0
218,66,1678,37,False,False,40,3.75,12.0,0.0,Fake,2,2
219,1,9,2,False,True,1,,,,Fake,0,2
220,115,354,0,True,False,3,29.0,3.0,2.0,Fake,0,0
221,36,352,0,False,True,1,,,,Fake,2,2
222,29,54,13,True,True,1,,,,Fake,0,0
223,0,12,0,False,True,0,,,,Fake,0,0
224,135,1054,0,True,False,3,4.66666666666666,3.0,1.0,Fake,0,2
225,75,204,0,True,True,3,,,,Fake,0,0
226,221,83,31,True,True,1,,,,Fake,0,0
227,95,235,0,True,True,0,,,,Fake,2,0
228,0,95,0,False,True,4,,,,Fake,2,1
229,6,66,0,False,True,0,,,,Fake,0,2
230,78,236,0,True,False,18,6.0,12.0,12.0,Fake,0,6
231,86,125,0,False,True,3,,,,Fake,0,0
232,62,74,7,False,True,0,,,,Fake,0,0
233,87,115,71,True,True,0,,,,Fake,2,2
234,34,299,34,True,False,4,1.5,4.0,4.0,Fake,0,2
235,62,143,126,True,False,9,5.66666666666666,9.0,9.0,Fake,3,4
236,0,919,0,False,True,0,,,,Fake,0,0
237,110,3247,269,True,True,26,,,,Fake,0,0
238,2,138,33,True,True,1,,,,Fake,0,0
239,13,55,66,True,True,0,,,,Fake,0,1
240,22,96,0,True,False,846,3.14285714285714,14.0,12.0,Fake,0,0
241,95,145,0,True,False,19,18.3846153846153,13.0,3.0,Fake,2,4
242,0,486,0,False,True,0,,,,Fake,0,0
243,0,54,6,True,True,0,,,,Fake,0,1
244,38,255,48,True,True,276,,,,Fake,0,0
245,20,167,34,True,True,3,,,,Fake,2,5
246,30,11,0,False,True,0,,,,Fake,0,0
247,2,18,0,True,True,0,,,,Fake,0,0
248,25,179,16,True,True,0,,,,Fake,3,0
249,11,169,0,True,False,0,0.0,0.0,0.0,Fake,2,3
250,48,98,0,True,True,0,,,,Fake,0,4
251,188,697,272,True,True,1,,,,Fake,0,0
252,59,220,0,True,False,0,0.0,0.0,0.0,Fake,2,2
253,4,9,2,True,False,0,0.0,0.0,0.0,Fake,2,2
254,33,43,0,False,True,0,,,,Fake,0,1
255,95,83,0,True,True,0,,,,Fake,0,0
256,3,9,1,True,False,0,0.0,0.0,0.0,Fake,3,0
257,3,10,0,False,False,0,0.0,0.0,0.0,Fake,2,2
258,8,10,0,False,False,0,0.0,0.0,0.0,Fake,2,0
259,323,276,85,True,False,6,136.5,6.0,6.0,Fake,0,0
260,30,225,0,True,True,13,,,,Fake,0,0
261,192,356,0,True,True,2,,,,Fake,4,0
262,85,165,156,True,True,4,,,,Fake,2,2
263,1,79,0,False,False,0,0.0,0.0,0.0,Fake,0,0
264,0,721,0,True,True,0,,,,Fake,0,3
265,49,59,25,False,True,3,,,,Fake,2,0
266,68,85,105,True,True,0,,,,Fake,0,4
267,0,22,17,True,True,0,,,,Fake,3,2
268,52,256,10,True,True,5,,,,Fake,2,2
269,0,41,0,False,True,0,,,,Fake,2,0
270,194,1092,122,True,False,4,5.5,4.0,4.0,Fake,3,0
271,35,77,42,True,True,0,,,,Fake,0,0
272,42,1168,147,True,False,214,1.16666666666666,12.0,12.0,Fake,2,0
273,42,190,0,True,True,4,,,,Fake,0,2
274,84,208,0,False,True,0,,,,Fake,0,1
275,9,245,0,True,True,0,,,,Fake,0,1
276,52,301,11,True,False,7,5.85714285714285,7.0,7.0,Fake,0,0
277,234,10,0,True,True,4,,,,Fake,2,0
278,42,103,0,True,True,0,,,,Fake,0,1
279,59,116,46,True,True,1,,,,Fake,0,0
280,1,105,7,True,True,1,,,,Fake,0,0
281,41,1176,0,True,True,0,,,,Fake,0,4
282,57,416,41,True,False,7,1.28571428571428,7.0,0.0,Fake,2,0
283,0,5,60,True,False,0,0.0,0.0,0.0,Fake,0,2
284,141,257,0,True,True,1,,,,Fake,0,3
285,80,252,0,True,False,14,4.7,20.0,19.0,Fake,0,3
286,97,131,0,True,True,2,,,,Fake,0,0
287,10,242,0,True,True,58,,,,Fake,4,0
288,15,1,20,True,False,1,2.0,1.0,1.0,Fake,2,0
289,0,160,0,False,True,0,,,,Fake,2,2
290,21,951,48,False,True,6,,,,Fake,2,1
291,30,287,12,False,True,5,,,,Fake,2,0
292,0,58,0,True,False,0,0.0,0.0,0.0,Fake,3,4
293,87,143,12,True,True,0,,,,Fake,0,3
294,0,0,0,True,True,0,,,,Fake,2,0
295,20,606,0,False,False,0,0.0,0.0,0.0,Fake,0,0
296,55,106,58,True,True,0,,,,Fake,0,3
297,337,755,153,False,False,1,62.0,1.0,1.0,Fake,0,0
298,71,111,60,False,False,5,20.8,5.0,5.0,Fake,0,0
299,2,23,0,False,True,0,,,,Fake,2,2
300,31,202,60,True,True,0,,,,Fake,0,0
301,22,30,0,True,True,8,,,,Fake,2,2
302,1,371,0,False,True,0,,,,Fake,0,1
303,153,2400,33,False,False,250,2.76923076923076,13.0,13.0,Fake,0,3
304,11,145,0,False,True,0,,,,Fake,2,4
305,19,143,37,True,False,3,5.0,3.0,3.0,Fake,0,4
306,64,75,0,True,True,0,,,,Fake,2,0
307,159,1883,16,False,True,765,,,,Fake,0,0
308,428,70,38,True,False,261,2.79166666666666,24.0,24.0,Fake,2,10
309,33,405,86,False,False,7,3.85714285714285,7.0,7.0,Fake,2,0
310,151,232,0,True,True,1,,,,Fake,0,0
311,0,197,0,False,True,0,,,,Fake,2,2
312,54,4,0,True,False,0,0.0,0.0,0.0,Fake,0,0
313,0,247,0,True,True,0,,,,Fake,2,2
314,133,113,18,False,True,0,,,,Fake,2,0
315,0,83,0,False,True,0,,,,Fake,21,0
316,21,692,0,False,True,0,,,,Fake,2,3
317,1,87,0,False,True,0,,,,Fake,0,2
318,140,188,0,True,True,0,,,,Fake,2,2
319,1,17,64,True,True,0,,,,Fake,2,3
320,14,30,0,True,True,7,,,,Fake,0,4
321,66,12,19,True,False,7,51.1428571428571,7.0,7.0,Fake,2,0
322,154,187,46,True,True,0,,,,Fake,2,0
323,0,51,99,True,True,0,,,,Fake,2,0
324,5,148,0,False,True,0,,,,Fake,2,0
325,38,384,25,True,True,4,,,,Fake,5,0
326,32,135,36,True,True,1,,,,Fake,2,0
327,55,521,79,True,False,29,6.25,12.0,12.0,Fake,0,0
328,0,80,21,True,True,0,,,,Fake,0,0
329,0,20,0,False,True,0,,,,Fake,4,3
330,0,2,0,True,False,0,0.0,0.0,0.0,Fake,2,0
331,9,93,0,False,False,0,0.0,0.0,0.0,Fake,0,6
332,0,31,0,True,False,0,0.0,0.0,0.0,Fake,2,6
333,3,13,0,False,True,0,,,,Fake,0,0
334,5,51,0,False,True,0,,,,Fake,0,0
335,1,113,0,False,True,0,,,,Fake,2,0
336,0,19,0,True,True,0,,,,Fake,0,0
337,1,55,0,False,True,0,,,,Fake,2,0
338,0,18,0,False,True,0,,,,Fake,0,2
339,0,56,0,False,True,0,,,,Fake,0,0
340,0,62,0,False,True,0,,,,Fake,2,3
341,2,94,0,False,True,0,,,,Fake,3,5
342,0,108,0,True,True,0,,,,Fake,0,2
343,11,187,32,False,True,0,,,,Fake,0,4
344,65,682,0,True,False,0,0.0,0.0,0.0,Fake,0,0
345,10,132,0,True,True,0,,,,Fake,2,2
346,0,26,0,False,True,0,,,,Fake,0,2
347,0,8,0,True,True,0,,,,Fake,0,0
348,3,106,0,False,True,0,,,,Fake,0,0
349,12,542,0,False,False,0,0.0,0.0,0.0,Fake,0,3
350,29,243,7,True,True,2,,,,Fake,2,0
351,26,30,0,False,True,0,,,,Fake,2,0
352,31,806,0,True,True,0,,,,Fake,2,1
353,0,39,0,True,True,0,,,,Fake,0,0
354,0,54,0,True,True,0,,,,Fake,2,3
355,0,46,0,True,True,0,,,,Fake,2,4
356,6,57,0,True,True,0,,,,Fake,4,0
357,5,36,0,True,True,0,,,,Fake,0,0
358,5,65,35,False,False,0,0.0,0.0,0.0,Fake,2,0
359,4,73,0,True,True,0,,,,Fake,0,0
360,5,34,0,True,False,0,0.0,0.0,0.0,Fake,0,0
361,4,38,0,False,True,0,,,,Fake,0,3
362,4,54,0,True,False,0,0.0,0.0,0.0,Fake,0,0
363,0,113,0,False,True,0,,,,Fake,2,0
364,0,165,0,False,True,0,,,,Fake,0,1
365,0,13,0,False,True,0,,,,Fake,0,0
366,0,134,35,True,True,0,,,,Fake,0,0
367,14,282,6,True,True,1,,,,Fake,2,3
368,1,194,0,True,False,0,0.0,0.0,0.0,Fake,0,1
369,0,115,0,True,True,0,,,,Fake,2,4
370,0,8,0,False,False,0,0.0,0.0,0.0,Fake,0,2
371,8,16,13,True,True,0,,,,Fake,0,3
372,75,196,0,True,True,0,,,,Fake,2,4
373,17,46,0,False,True,0,,,,Fake,5,0
374,0,42,0,False,True,0,,,,Fake,2,0
375,0,50,0,False,True,0,,,,Fake,2,3
376,5,32,20,True,False,0,0.0,0.0,0.0,Fake,2,0
377,0,27,0,False,True,0,,,,Fake,0,3
378,0,57,0,False,True,0,,,,Fake,2,0
379,9,57,0,True,True,0,,,,Fake,2,0
380,1,41,0,False,False,0,0.0,0.0,0.0,Fake,3,4
381,33,438,0,False,False,0,0.0,0.0,0.0,Fake,2,5
382,8,88,0,False,False,0,0.0,0.0,0.0,Fake,2,2
383,0,18,0,True,True,0,,,,Fake,0,2
384,2,98,0,False,False,0,0.0,0.0,0.0,Fake,2,6
385,0,56,0,False,True,0,,,,Fake,2,0
386,16,13,0,False,True,1,,,,Fake,0,2
387,1,27,0,False,True,0,,,,Fake,0,4
388,0,69,0,False,True,0,,,,Fake,3,3
389,0,80,0,True,False,0,0.0,0.0,0.0,Fake,2,0
390,0,425,0,False,True,0,,,,Fake,2,4
391,2,53,0,False,False,0,0.0,0.0,0.0,Fake,0,5
392,16,143,0,False,False,1,4.0,1.0,0.0,Fake,2,0
393,0,329,0,False,True,0,,,,Fake,0,2
394,6,11,0,False,False,0,0.0,0.0,0.0,Fake,0,0
395,5,40,60,False,True,2,,,,Fake,2,0
396,4,158,0,False,False,0,0.0,0.0,0.0,Fake,0,0
397,0,21,0,False,True,0,,,,Fake,0,1
398,1,251,0,False,True,0,,,,Fake,0,0
399,4,59,0,False,False,0,0.0,0.0,0.0,Fake,0,4
400,25,40,0,False,True,0,,,,Fake,2,0
401,10,29,12,True,True,0,,,,Fake,2,0
402,1,52,0,False,True,0,,,,Fake,0,4
403,35,201,0,True,True,0,,,,Fake,3,3
404,0,28,0,False,True,0,,,,Fake,2,5
405,0,76,0,False,True,0,,,,Fake,3,0
406,12,93,21,False,False,13,1.5,12.0,0.0,Fake,2,2
407,3,70,0,False,False,0,0.0,0.0,0.0,Fake,0,2
408,11,90,0,False,False,0,0.0,0.0,0.0,Fake,0,4
409,4,144,0,False,True,0,,,,Fake,0,0
410,74,304,0,False,True,0,,,,Fake,2,0
411,29,71,0,True,False,0,0.0,0.0,0.0,Fake,0,0
412,24,74,0,True,False,0,0.0,0.0,0.0,Fake,0,0
413,129,1076,124,True,False,2,9.0,2.0,2.0,Fake,2,3
414,48,65,47,True,False,2,5.5,2.0,2.0,Fake,0,2
415,5,8,0,False,False,0,0.0,0.0,0.0,Fake,2,0
416,71,219,0,True,False,0,0.0,0.0,0.0,Fake,0,2
417,16,16,0,False,False,25,0.352941176470588,17.0,17.0,Fake,0,1
418,22,66,0,True,False,0,0.0,0.0,0.0,Fake,0,0
419,37,82,12,False,True,0,,,,Fake,0,1
420,27,74,0,True,False,0,0.0,0.0,0.0,Fake,0,0
421,48,84,97,True,True,1,,,,Fake,0,4
422,39,86,167,True,False,5,0.2,5.0,5.0,Fake,0,3
423,48,193,139,True,False,0,0.0,0.0,0.0,Fake,2,3
424,32,190,153,True,True,5,,,,Fake,0,3
425,37,72,0,True,False,7,1.57142857142857,7.0,7.0,Fake,0,0
426,13,40,24,True,True,0,,,,Fake,0,0
427,10,74,0,True,False,0,0.0,0.0,0.0,Fake,2,2
428,68,194,13,True,False,1,12.0,1.0,1.0,Fake,0,0
429,20,167,0,True,True,0,,,,Fake,2,4
430,17,86,0,False,False,0,0.0,0.0,0.0,Fake,0,0
431,46,94,101,True,True,1,,,,Fake,2,0
432,35,94,112,True,True,1,,,,Fake,2,4
433,35,86,157,True,True,1,,,,Fake,0,3
434,2,9,0,True,False,0,0.0,0.0,0.0,Fake,0,0
435,36,74,19,True,False,0,0.0,0.0,0.0,Fake,2,0
436,26,114,0,True,False,0,0.0,0.0,0.0,Fake,2,4
437,17,13,68,True,True,0,,,,Fake,0,9
438,19,48,0,True,False,0,0.0,0.0,0.0,Fake,2,4
439,44,94,127,True,True,1,,,,Fake,0,5
440,22,162,0,True,True,0,,,,Fake,2,3
441,23,120,0,False,False,0,0.0,0.0,0.0,Fake,0,3
442,41,127,0,False,False,0,0.0,0.0,0.0,Fake,0,4
443,4,27,0,True,True,0,,,,Fake,0,0
444,78,208,49,True,False,0,0.0,0.0,0.0,Fake,2,0
445,38,121,0,True,False,0,0.0,0.0,0.0,Fake,2,3
446,36,96,111,True,True,2,,,,Fake,0,4
447,11,39,0,True,True,1,,,,Fake,0,1
448,37,235,0,False,False,1,2.0,1.0,1.0,Fake,2,8
449,51,86,0,True,False,0,0.0,0.0,0.0,Fake,0,0
450,43,82,0,True,False,0,0.0,0.0,0.0,Fake,0,3
451,35,173,0,True,True,1,,,,Fake,0,4
452,16,45,30,True,False,3,6.33333333333333,3.0,3.0,Fake,2,0
453,21,94,24,False,False,0,0.0,0.0,0.0,Fake,2,3
454,28,149,0,False,False,1,1.0,1.0,1.0,Fake,0,0
455,57,91,14,False,False,12,2.25,12.0,12.0,Fake,2,0
456,66,262,0,True,False,18,1.8125,16.0,16.0,Fake,2,0
457,25,132,46,False,False,0,0.0,0.0,0.0,Fake,0,0
458,43,93,92,True,True,1,,,,Fake,2,3
459,48,91,140,True,False,152,0.833333333333333,24.0,24.0,Fake,0,0
460,35,101,0,True,True,0,,,,Fake,2,3
461,24,46,0,True,True,0,,,,Fake,2,2
462,149,235,0,True,False,58,2.41666666666666,24.0,24.0,Fake,2,3
463,63,34,20,False,False,1,3.0,1.0,1.0,Fake,0,0
464,8,66,12,False,True,1,,,,Fake,3,3
465,15,55,0,False,False,0,0.0,0.0,0.0,Fake,3,0
466,139,303,541,False,False,13,5.25,24.0,24.0,Fake,2,1
467,28,10,266,True,True,3,,,,Fake,2,0
468,27,38,0,False,False,1,4.0,1.0,1.0,Fake,0,2
469,22,10,24,False,True,0,,,,Fake,3,0
470,45,107,0,True,False,4,0.25,4.0,4.0,Fake,0,0
471,55,127,0,False,False,1,0.0,1.0,1.0,Fake,0,0
472,37,84,61,True,True,2,,,,Fake,0,4
473,17,95,147,True,True,1,,,,Fake,0,0
474,11,80,0,False,False,0,0.0,0.0,0.0,Fake,0,0
475,4,15,12,True,False,17,12.25,12.0,12.0,Fake,0,0
476,27,121,46,False,True,0,,,,Fake,0,0
477,79,215,161,True,False,1,5.0,1.0,1.0,Fake,0,0
478,102,416,0,True,False,0,0.0,0.0,0.0,Fake,0,2
479,118,198,139,True,False,10,3.72727272727272,11.0,6.0,Fake,0,0
480,55,149,0,True,False,0,0.0,0.0,0.0,Fake,0,1
481,82,254,15,True,True,4,,,,Fake,2,0
482,91,344,0,True,False,0,0.0,0.0,0.0,Fake,0,4
483,31,220,42,True,True,0,,,,Fake,0,2
484,3468,813,12,True,False,408,216.75,12.0,12.0,Fake,2,2
485,3329,3813,134,True,False,78,299.583333333333,24.0,22.0,Fake,0,0
486,1050,1027,99,True,False,28,790.0,12.0,12.0,Fake,3,0
487,3333,1328,282,True,False,1304,89.875,24.0,22.0,Fake,0,0
488,1941,22,0,True,False,97,279.666666666666,12.0,0.0,Fake,0,0
489,3,180,0,True,False,0,0.0,0.0,0.0,Fake,0,4
490,62,126,65,False,True,0,,,,Fake,0,0
491,20,9,43,True,False,2,5.5,2.0,2.0,Fake,4,0
492,53,177,58,False,False,0,0.0,0.0,0.0,Fake,0,2
493,0,1,18,True,False,6,0.0,6.0,6.0,Fake,0,4
494,0,1,4,False,True,0,,,,Fake,2,1
495,0,1,77,True,True,0,,,,Fake,2,0
496,0,5,12,True,True,0,,,,Fake,2,3
497,0,4,23,True,True,1,,,,Fake,2,0
498,40,87,107,False,False,1,2.0,1.0,1.0,Fake,0,4
499,36,35,0,False,True,0,,,,Fake,3,4
500,0,5,0,True,True,0,,,,Fake,0,4
501,67,252,0,True,False,7,4.14285714285714,7.0,5.0,Fake,0,0
502,73,80,146,True,True,0,,,,Fake,2,0
503,52,73,37,True,False,0,0.0,0.0,0.0,Fake,0,2
504,1,1,0,False,False,0,0.0,0.0,0.0,Fake,0,6
505,0,5,0,True,True,0,,,,Fake,0,0
506,82,122,0,True,True,0,,,,Fake,2,0
507,71,152,51,False,True,0,,,,Fake,0,0
508,0,7,40,True,True,0,,,,Fake,0,0
509,45,43,139,True,True,0,,,,Fake,2,0
510,1,3,34,False,True,0,,,,Fake,0,0
511,16,77,62,False,True,1,,,,Fake,3,0
512,0,6,0,True,True,0,,,,Fake,4,0
513,0,9,0,False,True,0,,,,Fake,2,0
514,0,17,0,False,False,0,0.0,0.0,0.0,Fake,0,8
515,0,10,0,True,True,0,,,,Fake,0,0
516,0,9,0,True,True,0,,,,Fake,3,3
517,14,9,142,True,True,0,,,,Fake,0,2
518,71,3,0,True,False,0,0.0,0.0,0.0,Fake,3,0
519,26,32,175,True,True,1,,,,Fake,4,0
520,0,15,0,False,True,0,,,,Fake,0,0
521,1,1,0,True,False,0,0.0,0.0,0.0,Fake,2,0
522,11,159,20,False,True,0,,,,Fake,0,0
523,0,16,0,True,True,0,,,,Fake,0,4
524,0,17,0,True,True,0,,,,Fake,0,0
525,0,35,0,False,True,0,,,,Fake,2,3
526,1,12,26,True,True,0,,,,Fake,0,0
527,55,66,52,False,True,0,,,,Fake,2,3
528,0,10,37,True,True,0,,,,Fake,0,0
529,1,5,0,True,True,0,,,,Fake,2,1
530,0,30,4,True,True,0,,,,Fake,4,0
531,109,320,0,True,True,0,,,,Fake,0,6
532,0,12,0,False,True,0,,,,Fake,0,0
533,28,36,71,True,True,1,,,,Fake,0,6
534,540,79,0,False,False,118,62.6666666666666,12.0,0.0,Fake,0,3
535,51,52,214,True,True,20,,,,Fake,0,6
536,25,21,38,True,False,0,0.0,0.0,0.0,Fake,2,0
537,4,6,15,True,False,0,0.0,0.0,0.0,Fake,0,5
538,27,34,68,True,True,2,,,,Fake,2,0
539,0,11,0,False,True,0,,,,Fake,0,3
540,2,2,0,False,False,0,0.0,0.0,0.0,Fake,4,0
541,35,38,23,True,True,0,,,,Fake,0,4
542,0,27,0,False,True,0,,,,Fake,2,0
543,13,24,42,True,True,0,,,,Fake,0,3
544,69,126,79,True,True,0,,,,Fake,2,4
545,50,79,30,False,True,0,,,,Fake,0,0
546,3,19,24,True,True,4,,,,Fake,2,0
547,43,66,10,True,True,0,,,,Fake,2,2
548,29,9,133,True,False,4,13.5,4.0,0.0,Fake,2,0
549,52,26,0,True,False,1,2.0,1.0,1.0,Fake,2,6
550,53,34,6,True,True,0,,,,Fake,2,0
551,279,923,0,True,False,0,0.0,0.0,0.0,Fake,2,2
552,0,8,0,True,True,0,,,,Fake,0,0
553,42,64,104,False,True,4,,,,Fake,2,4
554,24,27,18,True,True,1,,,,Fake,0,0
555,17,13,101,True,False,14,4.41666666666666,12.0,0.0,Fake,0,0
556,30,44,38,True,False,1,4.0,1.0,0.0,Fake,0,3
557,37,41,117,True,True,1,,,,Fake,0,4
558,37,21,163,True,False,3,11.0,3.0,0.0,Fake,0,0
559,0,53,0,False,True,0,,,,Fake,3,0
560,142,53,0,True,True,0,,,,Fake,0,0
561,1,12,121,False,True,0,,,,Fake,3,0
562,21,42,0,True,True,0,,,,Fake,0,1
563,32,26,111,True,False,0,0.0,0.0,0.0,Fake,0,0
564,187,180,176,True,True,0,,,,Fake,2,2
565,2,10,0,False,True,0,,,,Fake,0,1
566,11,62,0,False,False,2,0.0,2.0,0.0,Fake,0,2
567,65,59,60,True,True,0,,,,Fake,0,4
568,15,62,220,True,True,6,,,,Fake,2,4
569,92,154,0,True,True,4,,,,Fake,2,0
570,0,31,0,True,True,0,,,,Fake,12,1
571,36,12,0,True,False,0,0.0,0.0,0.0,Fake,0,3
572,33,7,34,True,False,0,0.0,0.0,0.0,Fake,4,0
573,29,34,0,False,False,5,7.2,5.0,0.0,Fake,2,0
574,19,11,0,True,False,0,0.0,0.0,0.0,Fake,2,4
575,50,91,102,False,True,0,,,,Fake,0,2
576,24,28,18,True,False,1,9.0,1.0,0.0,Fake,3,0
577,0,11,0,False,False,0,0.0,0.0,0.0,Fake,3,0
578,15,35,8,False,True,0,,,,Fake,2,0
579,6,33,0,False,True,0,,,,Fake,0,2
580,52,64,92,True,True,1,,,,Fake,2,2
581,16,42,0,True,True,0,,,,Fake,2,0
582,88,271,68,True,True,0,,,,Fake,0,1
583,0,113,0,True,True,0,,,,Fake,3,0
584,1,20,0,True,True,0,,,,Fake,0,10
585,33,22,0,False,False,1,5.0,1.0,0.0,Fake,2,0
586,3,9,1,True,True,0,,,,Fake,0,2
587,0,30,0,False,True,101,,,,Fake,0,3
588,10,62,95,True,True,1,,,,Fake,0,0
589,31,22,8,True,True,0,,,,Fake,3,0
590,15,7,5,True,False,0,0.0,0.0,0.0,Fake,2,4
591,37,27,10,True,True,15,,,,Fake,0,0
592,71,5,85,True,False,0,0.0,0.0,0.0,Fake,2,0
593,32,11,0,True,True,0,,,,Fake,0,0
594,11,41,24,True,True,0,,,,Fake,2,1
595,2,349,1,True,True,0,,,,Fake,2,0
596,9,47,30,True,True,1,,,,Fake,2,0
597,23,76,39,True,True,12,,,,Fake,0,0
598,0,52,0,False,True,0,,,,Fake,2,4
599,40,28,36,True,True,0,,,,Fake,2,4
600,797,447,252,True,False,173,38.0833333333333,12.0,0.0,Fake,0,0
601,40,16,0,True,True,0,,,,Fake,0,0
602,1283,642,75,True,False,36,72.8333333333333,12.0,0.0,Fake,0,0
603,4,8,0,True,True,0,,,,Fake,0,2
604,645,317,0,False,False,1,2161.0,1.0,0.0,Fake,2,0
605,50,35,90,True,True,3,,,,Fake,2,2
606,34,31,83,True,False,0,0.0,0.0,0.0,Fake,2,0
607,52,75,51,True,False,28,27.6666666666666,12.0,0.0,Fake,0,3
608,15,16,0,True,True,0,,,,Fake,0,2
609,29,72,0,False,True,0,,,,Fake,2,1
610,13,49,0,True,True,0,,,,Fake,0,4
611,12,15,0,True,True,41,,,,Fake,0,1
612,14,81,3,True,False,0,0.0,0.0,0.0,Fake,0,4
613,33,17,42,True,False,7,8.71428571428571,7.0,0.0,Fake,2,0
614,20,22,60,True,False,0,0.0,0.0,0.0,Fake,0,0
615,6,55,12,True,True,7,,,,Fake,4,0
616,275,95,736,True,False,32,421.666666666666,24.0,24.0,Fake,0,0
617,222,87,564,True,False,24,45.4166666666666,12.0,12.0,Fake,0,0
618,135,78,651,True,False,94,35.6666666666666,24.0,24.0,Fake,2,0
619,371,44,40,True,False,33,190.666666666666,24.0,24.0,Fake,0,0
620,2320,1254,36,True,False,300,476.916666666666,24.0,24.0,Fake,2,3
621,1597,858,62,True,False,37,757.428571428571,14.0,14.0,Fake,0,0
622,364,47,596,True,False,32,676.25,12.0,12.0,Fake,0,0
623,1256,400,678,True,False,13,88.5833333333333,24.0,24.0,Fake,0,0
624,271,38,106,True,False,40,11.375,24.0,24.0,Fake,2,8
625,241,49,294,False,False,71,36.8333333333333,12.0,12.0,Fake,2,1
626,71,48,465,True,False,22,42.9166666666666,24.0,24.0,Fake,0,0
627,1063,246,22,True,False,101,242.0,16.0,14.0,Fake,0,1
628,2356,88,701,True,False,282,133.625,24.0,24.0,Fake,0,2
629,444,215,34,True,False,154,62.4615384615384,13.0,12.0,Fake,0,0
630,1309,1510,37,True,False,29,153.25,12.0,12.0,Fake,0,0
631,584,904,81,True,False,0,0.0,0.0,0.0,Fake,0,1
632,1759,164,228,False,False,321,62.6666666666666,24.0,24.0,Fake,0,0
633,986,508,130,True,False,72,172.666666666666,12.0,12.0,Fake,2,1
634,516,98,259,False,False,48,87.5416666666666,24.0,24.0,Fake,0,0
635,5153,54,580,True,False,201,1357.5625,16.0,12.0,Fake,0,0
636,1935,996,715,True,False,63,183.875,24.0,9.0,Fake,2,0
637,42,16,39,False,False,24,9.05,20.0,20.0,Fake,0,0
638,61,46,0,True,False,3,23.0,3.0,0.0,Fake,0,0
639,12,35,54,True,True,7,,,,Fake,0,3
640,42,48,24,True,False,0,0.0,0.0,0.0,Fake,0,0
641,0,1,0,True,False,0,0.0,0.0,0.0,Fake,2,10
642,782,51,354,True,False,357,56.0,13.0,0.0,Fake,0,0
643,0,10,60,True,True,0,,,,Fake,2,0
644,5,71,190,True,False,1,1.0,1.0,1.0,Fake,0,2
645,65,102,39,True,False,9,288.5,10.0,1.0,Fake,2,2
646,885,234,12,True,False,4,73.3333333333333,6.0,0.0,Fake,2,0
647,140,249,3,False,False,0,0.0,0.0,0.0,Fake,0,3
648,15,46,0,True,True,0,,,,Fake,0,4
649,12,43,41,True,False,0,0.0,0.0,0.0,Fake,0,2
650,27,239,60,True,False,0,0.0,0.0,0.0,Fake,0,4
651,46,215,102,True,True,6,,,,Fake,2,4
652,41,469,0,True,True,5,,,,Fake,0,7
653,782,2217,0,False,False,1,66.0,1.0,0.0,Fake,0,0
654,9,39,41,True,False,0,0.0,0.0,0.0,Fake,0,3
655,6,6,0,True,False,0,0.0,0.0,0.0,Fake,2,0
656,34,23,0,True,False,0,0.0,0.0,0.0,Fake,0,2
657,1645,11,0,False,True,0,,,,Fake,0,2
658,33,845,77,True,False,19,4.66666666666666,12.0,0.0,Fake,0,1
659,174,95,0,True,False,25,21.5,12.0,3.0,Fake,0,2
660,2,222,13,True,True,0,,,,Fake,0,4
661,74004,191,166,True,False,2119,2741.25,24.0,19.0,Fake,0,2
662,228,481,29,True,False,0,0.0,0.0,0.0,Fake,0,0
663,0,3,0,True,False,0,0.0,0.0,0.0,Fake,0,0
664,2417,3519,246,True,False,6,598.833333333333,6.0,0.0,Fake,2,0
665,90,1063,0,False,False,161,4.66666666666666,12.0,0.0,Fake,0,3
666,161,249,0,False,True,9,,,,Fake,0,2
667,51,133,23,True,True,0,,,,Fake,2,0
668,53,190,0,True,True,0,,,,Fake,0,3
669,92,212,0,True,True,3,,,,Fake,0,0
670,24,182,0,True,True,0,,,,Fake,0,2
671,0,7,0,True,True,0,,,,Fake,0,4
672,0,7,0,False,True,0,,,,Fake,2,0
673,67,72,0,False,True,0,,,,Fake,0,2
674,2,72,0,False,True,0,,,,Fake,0,7
675,2,53,0,False,False,0,0.0,0.0,0.0,Fake,4,0
676,53,596,3,True,False,0,0.0,0.0,0.0,Fake,0,2
677,37,55,12,True,True,111,,,,Fake,0,0
678,25,48,12,True,True,0,,,,Fake,0,5
679,4,24,57,True,True,3,,,,Fake,2,3
680,39,11,0,True,False,0,0.0,0.0,0.0,Fake,0,0
681,0,96,13,True,True,3,,,,Fake,2,0
682,33,80,101,False,True,4,,,,Fake,2,0
683,1,45,57,True,True,5,,,,Fake,0,2
684,101,165,43,True,True,0,,,,Fake,2,0
685,0,23,0,False,True,0,,,,Fake,2,0
686,77,168,0,False,True,8,,,,Fake,2,0
687,62,96,24,True,True,3,,,,Fake,0,0
688,108,210,32,True,False,0,0.0,0.0,0.0,Fake,0,1
689,81,96,48,True,False,7,25.7142857142857,7.0,7.0,Fake,3,0
690,12,60,0,True,True,0,,,,Fake,0,0
691,7,3,0,True,False,2,3.0,2.0,0.0,Fake,0,0
692,20,133,0,True,False,23,0.916666666666666,12.0,12.0,Fake,0,1
693,467,6021,752,True,False,60,12.5416666666666,24.0,24.0,Fake,0,0
694,9,40,2,True,False,0,0.0,0.0,0.0,Fake,2,3
695,88,123,12,False,True,0,,,,Fake,0,2
696,8,35,12,True,True,0,,,,Fake,0,0
697,6,20,0,False,False,0,0.0,0.0,0.0,Fake,2,0
698,80,152,11,True,True,0,,,,Fake,0,0
699,31,272,13,True,True,1,,,,Fake,2,0
700,57,35,95,True,False,3,2.33333333333333,3.0,3.0,Fake,0,0
701,0,40,0,True,True,0,,,,Fake,2,1
702,12,1,0,False,False,0,0.0,0.0,0.0,Fake,0,4
703,134,1545,12,True,False,4,0.833333333333333,6.0,6.0,Fake,0,0
704,137,105,356,True,False,43,17.8333333333333,12.0,12.0,Fake,2,0
705,74,303,12,True,True,0,,,,Fake,2,0
706,2,8,0,False,True,0,,,,Fake,2,2
707,102,83,0,True,True,0,,,,Fake,2,3
708,108,115,0,True,False,4,68.75,4.0,4.0,Fake,0,3
709,30,81,12,True,True,3,,,,Fake,0,0
710,13,171,0,False,False,0,0.0,0.0,0.0,Fake,4,3
711,49,24,0,False,True,0,,,,Fake,2,1
712,200,708,0,True,True,10,,,,Fake,0,0
713,0,638,0,False,True,0,,,,Fake,0,2
714,6,63,0,True,False,0,0.0,0.0,0.0,Fake,0,8
715,7,104,48,True,True,0,,,,Fake,0,0
716,375,6644,147,True,False,10,49.8,10.0,10.0,Fake,0,0
717,13,17,0,False,True,16,,,,Fake,2,4
718,18,50,99,False,True,24,,,,Fake,2,2
719,77,83,224,True,False,15,10.45,20.0,20.0,Fake,0,0
720,142,5043,0,True,True,46,,,,Fake,2,0
721,23,114,203,True,True,16,,,,Fake,7,0
722,16,13,43,True,True,0,,,,Fake,0,0
723,134,605,0,True,True,8,,,,Fake,0,0
724,92,764,17,False,True,0,,,,Fake,2,0
725,70,75,24,True,True,0,,,,Fake,0,0
726,63,1340,87,True,True,0,,,,Fake,0,0
727,74,106,0,True,True,0,,,,Fake,0,0
728,88,506,0,True,False,0,0.0,0.0,0.0,Fake,0,0
729,187,578,479,False,False,0,0.0,0.0,0.0,Fake,2,6
730,28,281,55,True,True,1,,,,Fake,0,0
731,0,1354,1,True,True,0,,,,Fake,0,0
732,63,71,12,True,True,0,,,,Fake,0,0
733,24,73,0,True,False,0,0.0,0.0,0.0,Fake,0,4
734,56,80,0,False,True,0,,,,Fake,3,0
735,194,1031,112,True,False,23,49.8333333333333,12.0,12.0,Fake,0,0
736,43,2689,0,True,True,2889,,,,Fake,0,0
737,30,239,43,True,True,2,,,,Fake,2,0
738,73,426,31,True,True,31,,,,Fake,3,4
739,27,140,12,True,False,4,2.5,4.0,4.0,Fake,2,4
740,24,881,0,False,False,0,0.0,0.0,0.0,Fake,0,4
741,59,72,0,True,True,0,,,,Fake,0,0
742,76,269,39,False,True,5,,,,Fake,2,0
743,1,319,0,False,True,2,,,,Fake,2,2
744,29,295,0,True,True,38,,,,Fake,2,0
745,178,602,80,True,True,2,,,,Fake,2,0
746,977,7505,0,True,False,134,34.1333333333333,15.0,0.0,Fake,0,2
747,58,352,28,True,True,311,,,,Fake,0,0
748,9,56,0,True,True,29,,,,Fake,0,0
749,60,58,12,True,True,0,,,,Fake,0,0
750,65,95,47,True,True,0,,,,Fake,0,3
751,18,300,0,False,True,0,,,,Fake,2,7
752,9,63,0,False,True,0,,,,Fake,4,2
753,40,230,0,True,True,0,,,,Fake,0,0
754,123,132,0,True,True,0,,,,Fake,2,0
755,137,244,55,True,True,3,,,,Fake,0,0
756,33,1080,0,True,True,24,,,,Fake,0,0
757,54,117,48,True,True,0,,,,Fake,2,0
758,74,130,0,True,False,80,8.29166666666666,24.0,20.0,Fake,0,2
759,0,77,0,False,True,0,,,,Fake,2,2
760,2,70,0,False,True,0,,,,Fake,2,2
761,41,48,0,True,False,0,0.0,0.0,0.0,Fake,0,4
762,13,66,21,True,False,0,0.0,0.0,0.0,Fake,0,3
763,27,99,0,False,False,0,0.0,0.0,0.0,Fake,0,0
764,3,28,0,False,True,0,,,,Fake,2,7
765,2,26,0,False,False,0,0.0,0.0,0.0,Fake,2,3
766,0,31,0,False,True,0,,,,Fake,0,1
767,0,3,0,False,True,0,,,,Fake,0,4
768,6,10,12,True,False,0,0.0,0.0,0.0,Fake,3,2
769,0,51,0,False,True,0,,,,Fake,4,0
770,13,67,0,False,False,0,0.0,0.0,0.0,Fake,0,4
771,0,51,0,False,False,0,0.0,0.0,0.0,Fake,0,3
772,1,2,0,True,False,0,0.0,0.0,0.0,Fake,0,3
773,7,6325,0,False,False,10,0.0,10.0,0.0,Fake,2,4
774,0,105,0,False,True,0,,,,Fake,2,1
775,12,66,0,True,True,0,,,,Fake,2,0
776,3,89,0,True,False,0,0.0,0.0,0.0,Fake,2,2
777,2,405,61,False,True,0,,,,Fake,0,4
778,82,559,0,True,False,0,0.0,0.0,0.0,Fake,0,2
779,71,287,139,False,False,0,0.0,0.0,0.0,Fake,2,3
780,142,237,11,True,True,0,,,,Fake,0,2
781,81,582,1,True,True,0,,,,Fake,2,0
782,27,510,0,True,True,0,,,,Fake,0,0
783,65,165,40,True,True,0,,,,Fake,2,0
784,162,440,26,False,True,17,,,,Fake,0,0
785,25,207,2,True,True,3,,,,Fake,0,1
786,86,226,18,False,True,0,,,,Fake,0,0
787,16,229,0,True,False,0,0.0,0.0,0.0,Fake,0,3
788,0,0,0,False,False,0,0.0,0.0,0.0,Fake,0,2
789,1,2113,0,True,True,0,,,,Fake,4,4
790,0,8,0,True,True,0,,,,Fake,0,2
791,48,849,229,True,True,688,,,,Fake,0,0
792,31,30,0,True,True,0,,,,Fake,0,0
793,69,134,0,True,True,0,,,,Fake,0,1
794,80,76,0,True,True,0,,,,Fake,0,4
795,55,126,0,True,False,2,131.5,2.0,2.0,Fake,0,1
796,2,28,0,True,True,0,,,,Fake,2,2
797,45,239,0,True,True,362,,,,Fake,0,4
798,79,101,16,True,True,26,,,,Fake,0,0
799,52,85,0,True,False,0,0.0,0.0,0.0,Fake,0,0
800,0,876,0,True,True,0,,,,Fake,0,1
801,0,113,0,False,True,0,,,,Fake,2,0
802,16,32,0,False,False,1,6.0,1.0,1.0,Fake,0,0
803,83,118,0,False,True,0,,,,Fake,0,2
804,226,1352,0,True,True,175,,,,Fake,0,0
805,9,99,9,True,False,4,1.5,4.0,0.0,Fake,2,0
806,7,35,0,True,True,3,,,,Fake,0,0
807,41,909,0,True,True,0,,,,Fake,0,4
808,33,75,93,True,True,14,,,,Fake,0,4
809,24,31,0,True,False,0,0.0,0.0,0.0,Fake,0,0
810,0,60,0,True,True,0,,,,Fake,0,4
811,40,142,95,True,True,143,,,,Fake,2,0
812,0,72,0,False,True,0,,,,Fake,0,0
813,1,26,0,False,True,0,,,,Fake,3,3
814,14,6,46,False,True,0,,,,Fake,0,1
815,149,496,260,False,False,1,11.0,1.0,1.0,Fake,2,0
816,95,1708,0,True,False,28,13.3333333333333,24.0,0.0,Fake,0,0
817,89,203,59,True,True,1,,,,Fake,2,0
818,2,9,0,False,True,0,,,,Fake,2,0
819,22,172,70,True,True,4,,,,Fake,2,0
820,51,1114,0,True,True,0,,,,Fake,3,0
821,17,238,0,True,True,0,,,,Fake,2,0
822,214,1972,197,True,True,81,,,,Fake,0,0
823,8,63,68,True,False,6,1.42857142857142,7.0,7.0,Fake,0,0
824,0,0,0,True,True,0,,,,Fake,0,4
825,83,180,0,True,False,1,24.0,1.0,1.0,Fake,0,1
826,96,255,0,True,True,0,,,,Fake,0,4
827,3,85,126,True,True,4,,,,Fake,0,1
828,11,241,0,True,True,0,,,,Fake,2,0
829,54,3238,0,True,True,450,,,,Fake,0,1
830,143,1351,0,True,False,0,0.0,0.0,0.0,Fake,0,0
831,7,54,0,True,False,0,0.0,0.0,0.0,Fake,0,4
832,2,105,0,True,True,0,,,,Fake,0,4
833,51,2163,36,False,True,0,,,,Fake,0,0
834,83,692,63,True,True,2,,,,Fake,3,2
835,85,153,0,True,True,0,,,,Fake,2,1
836,167,1397,0,False,True,3017,,,,Fake,0,6
837,259,246,0,False,True,0,,,,Fake,2,0
838,62,67,0,True,True,6,,,,Fake,2,0
839,0,197,0,False,True,0,,,,Fake,2,2
840,63,124,0,True,True,8,,,,Fake,0,4
841,83,311,356,True,False,1,22.0,1.0,1.0,Fake,0,0
842,6,25,10,True,True,1,,,,Fake,0,1
843,26,257,0,True,False,0,0.0,0.0,0.0,Fake,0,0
844,0,146,0,False,True,0,,,,Fake,0,2
845,5,69,0,False,True,1,,,,Fake,2,2
846,9,122,24,True,True,0,,,,Fake,3,3
847,1,2374,12,True,True,0,,,,Fake,0,1
848,152,62,76,True,True,0,,,,Fake,0,4
849,242,365,130,True,True,0,,,,Fake,0,2
850,317,177,20,True,True,1,,,,Fake,0,0
851,59,827,98,True,True,1,,,,Fake,0,0
852,1,31,0,True,False,0,0.0,0.0,0.0,Fake,0,0
853,247,1139,11,True,True,0,,,,Fake,0,0
854,336,1896,103,True,False,3,22.6666666666666,3.0,0.0,Fake,0,2
855,579,25,97,True,False,50,47.0,12.0,12.0,Fake,0,0
856,26,86,0,True,True,0,,,,Fake,0,2
857,0,0,0,True,True,0,,,,Fake,2,0
858,0,374,0,True,True,0,,,,Fake,2,0
859,51,107,104,False,True,3,,,,Fake,0,0
860,156,63,270,True,False,25,2.91666666666666,12.0,12.0,Fake,0,0
861,17,63,9,True,True,2,,,,Fake,2,0
862,7,95,0,True,False,0,0.0,0.0,0.0,Fake,0,0
863,34,52,0,True,False,3,4.0,3.0,0.0,Fake,0,0
864,133,73,16,True,False,57,15.1666666666666,24.0,20.0,Fake,0,4
865,9,12,12,False,False,0,0.0,0.0,0.0,Fake,0,1
866,79,11,0,False,True,1,,,,Fake,0,0
867,9,47,0,False,False,0,0.0,0.0,0.0,Fake,0,2
868,13,5,62,True,True,0,,,,Fake,2,4
869,11,160,22,True,True,0,,,,Fake,2,2
870,1268,697,41,True,False,23,328.583333333333,12.0,1.0,Real,2,0
871,9833,2157,104,True,False,408,959.583333333333,12.0,12.0,Real,2,0
872,941,562,21,False,False,67,219.25,12.0,0.0,Real,0,0
873,1082,1720,113,True,True,10,,,,Real,0,0
874,348,296,0,True,True,2,,,,Real,0,0
875,1013,811,88,True,True,98,,,,Real,0,0
876,1462,1224,103,True,True,35,,,,Real,0,0
877,767,625,9,True,False,22,150.416666666666,12.0,3.0,Real,2,0
878,1453,1416,6,True,True,11,,,,Real,0,0
879,320,324,0,True,True,11,,,,Real,2,0
880,8602,867,49,True,True,419,,,,Real,0,0
881,1250,1282,388,True,True,137,,,,Real,0,0
882,377,476,20,True,True,24,,,,Real,0,0
883,84,212,0,True,True,408,,,,Real,0,1
884,1007,389,0,True,True,61,,,,Real,0,0
885,1122,706,80,True,True,121,,,,Real,0,0
886,219,649,12,True,True,10,,,,Real,0,4
887,3093,695,41,True,False,30,873.0,12.0,2.0,Real,0,0
888,1605,346,0,True,False,16,120.916666666666,12.0,1.0,Real,0,0
889,319,367,0,True,True,38,,,,Real,2,0
890,1874,1466,9,True,True,281,,,,Real,2,0
891,753,561,34,True,True,48,,,,Real,2,0
892,1574,808,10,True,True,86,,,,Real,2,0
893,1359,957,20,True,False,197,306.583333333333,12.0,1.0,Real,0,0
894,1641,1165,80,True,False,52,250.0,12.0,1.0,Real,0,0
895,219,336,0,True,True,0,,,,Real,0,0
896,926,1363,39,True,True,326,,,,Real,0,0
897,1027,1019,89,False,True,40,,,,Real,0,0
898,1245,1343,73,True,False,18,333.583333333333,12.0,0.0,Real,2,0
899,3488,549,198,True,False,3,200.666666666666,3.0,0.0,Real,0,0
900,501,383,38,True,False,16,173.916666666666,12.0,4.0,Real,2,0
901,1127,743,13,True,True,15,,,,Real,2,0
902,1248,551,0,True,True,245,,,,Real,0,0
903,6961,772,78,True,False,24,1610.66666666666,12.0,12.0,Real,2,0
904,1738,2070,45,True,True,8,,,,Real,2,0
905,1043,1002,144,True,True,70,,,,Real,0,0
906,1010,1437,23,True,False,319,249.583333333333,12.0,0.0,Real,2,0
907,2089,949,27,True,True,76,,,,Real,2,0
908,253,385,57,True,False,20,74.0,12.0,0.0,Real,2,0
909,338,443,299,True,True,9,,,,Real,0,0
910,678,1389,211,True,True,216,,,,Real,0,0
911,555,570,56,False,False,121,130.333333333333,12.0,2.0,Real,0,2
912,1808,1804,48,True,True,264,,,,Real,0,0
913,1377,783,98,True,True,51,,,,Real,0,0
914,480,514,63,True,True,58,,,,Real,2,2
915,252,255,0,True,True,38,,,,Real,0,3
916,667,305,0,True,True,199,,,,Real,2,0
917,2476,2494,170,True,False,50,261.916666666666,12.0,0.0,Real,0,0
918,675,1260,145,True,True,145,,,,Real,0,0
919,389,431,33,False,True,5,,,,Real,0,0
920,138,133,98,True,True,9,,,,Real,0,0
921,594,612,14,True,True,4,,,,Real,2,0
922,358,642,0,True,True,175,,,,Real,0,0
923,651,1010,227,True,True,1078,,,,Real,0,0
924,132,210,17,True,True,7,,,,Real,0,0
925,751,423,122,True,True,88,,,,Real,2,0
926,2653,980,90,True,True,51,,,,Real,0,0
927,634,502,17,True,False,169,152.75,12.0,2.0,Real,0,0
928,156,534,53,True,True,0,,,,Real,0,3
929,1754,1006,26,True,False,64,316.666666666666,12.0,3.0,Real,2,0
930,662,1704,0,True,True,8,,,,Real,0,0
931,118,138,0,True,True,0,,,,Real,0,0
932,49,57,0,True,True,8,,,,Real,2,0
933,364,411,0,True,True,11,,,,Real,2,0
934,292,286,0,True,True,65,,,,Real,0,0
935,166,172,0,True,True,25,,,,Real,0,1
936,529,445,12,True,False,69,155.583333333333,12.0,1.0,Real,0,0
937,430,445,33,True,True,22,,,,Real,2,0
938,805,220,44,True,True,98,,,,Real,2,0
939,589,1266,0,True,True,424,,,,Real,0,0
940,1280,1242,196,True,False,64,199.416666666666,12.0,1.0,Real,2,0
941,769,836,67,True,True,64,,,,Real,2,0
942,220,202,19,True,False,20,32.9166666666666,12.0,12.0,Real,3,0
943,165,291,0,True,True,0,,,,Real,0,0
944,660,599,35,True,True,43,,,,Real,2,0
945,518,521,0,True,True,158,,,,Real,2,0
946,869,639,83,True,True,11,,,,Real,0,0
947,158,198,26,True,True,1,,,,Real,0,0
948,151,241,9,True,True,15,,,,Real,0,0
949,150,155,0,True,True,6,,,,Real,2,0
950,790,664,14,True,False,12,209.5,12.0,2.0,Real,0,0
951,706,810,39,True,True,65,,,,Real,0,0
952,343,386,38,False,True,27,,,,Real,2,0
953,780,891,61,True,True,153,,,,Real,0,0
954,656,476,7,True,False,254,113.25,12.0,3.0,Real,2,0
955,93,133,0,True,True,0,,,,Real,0,0
956,608,777,51,True,False,30,197.666666666666,12.0,1.0,Real,0,0
957,946,907,0,True,True,25,,,,Real,0,0
958,347,375,28,True,True,24,,,,Real,0,0
959,122,211,54,True,True,3,,,,Real,0,0
960,732,758,105,True,True,1137,,,,Real,2,0
961,360,482,9,True,True,4,,,,Real,0,0
962,172,168,25,True,True,33,,,,Real,0,0
963,597,857,33,True,True,51,,,,Real,0,0
964,938,874,31,True,True,72,,,,Real,0,0
965,604,643,19,True,True,26,,,,Real,2,0
966,431,473,29,True,False,5,136.2,5.0,0.0,Real,2,0
967,298,478,0,True,True,47,,,,Real,0,0
968,932,1144,0,True,False,215,39.3157894736842,19.0,9.0,Real,2,0
969,315,438,0,True,True,74,,,,Real,2,0
970,272,185,0,False,True,4,,,,Real,0,0
971,288,246,7,True,True,0,,,,Real,0,2
972,813,939,0,True,False,64,237.25,12.0,0.0,Real,0,0
973,439,522,21,True,True,9,,,,Real,0,0
974,438,434,5,True,True,4,,,,Real,2,0
975,689,980,31,True,True,2,,,,Real,0,0
976,381,342,48,True,True,13,,,,Real,2,0
977,724,450,39,True,True,12,,,,Real,3,0
978,408,406,28,True,False,1,129.0,1.0,0.0,Real,2,0
979,574,646,5,True,True,7,,,,Real,0,0
980,417,468,71,True,True,9,,,,Real,0,0
981,718,892,0,True,True,28,,,,Real,2,0
982,2827,2042,47,False,False,21,575.076923076923,13.0,1.0,Real,0,0
983,363,395,42,True,True,10,,,,Real,2,0
984,358,497,42,True,True,100,,,,Real,0,0
985,691,569,12,True,True,6,,,,Real,0,0
986,681,633,67,True,False,31,250.416666666666,12.0,1.0,Real,2,0
987,584,912,70,True,True,501,,,,Real,0,0
988,810,768,8,True,True,7,,,,Real,0,0
989,349,497,37,True,True,25,,,,Real,2,0
990,157,169,63,True,True,3,,,,Real,2,0
991,388,485,19,True,True,4,,,,Real,0,0
992,242,315,74,True,True,5,,,,Real,2,0
993,555,775,20,True,True,8,,,,Real,0,0
994,1602,812,75,True,False,34,329.083333333333,12.0,5.0,Real,0,0
995,639,860,39,True,False,37,208.916666666666,12.0,2.0,Real,0,0
996,2201,443,153,True,False,35,2.75,12.0,0.0,Real,0,0
997,1460,1242,23,True,True,96,,,,Real,2,0
998,451,482,87,True,True,13,,,,Real,2,0
999,521,527,45,True,True,13,,,,Real,0,0
1000,642,641,42,True,False,30,99.5,12.0,3.0,Real,0,2
1001,919,1861,12,True,False,31,225.5,12.0,1.0,Real,0,0
1002,432,532,325,True,True,230,,,,Real,0,0
1003,941,1524,2,True,False,69,208.076923076923,13.0,6.0,Real,0,0
1004,401,391,56,True,True,3,,,,Real,0,0
1005,519,753,25,True,True,81,,,,Real,0,0
1006,845,784,38,True,True,5,,,,Real,2,0
1007,272,396,19,True,True,10,,,,Real,0,0
1008,381,276,48,True,True,95,,,,Real,0,0
1009,819,741,19,True,False,14,262.0,12.0,0.0,Real,0,0
1010,554,561,26,True,False,0,0.0,0.0,0.0,Real,0,0
1011,999,905,39,True,False,38,234.166666666666,12.0,5.0,Real,0,0
1012,825,961,52,True,True,56,,,,Real,0,0
1013,1182,1002,187,True,True,372,,,,Real,0,0
1014,650,659,30,True,True,21,,,,Real,0,0
1015,554,593,2,True,True,13,,,,Real,0,0
1016,393,390,0,False,True,41,,,,Real,2,0
1017,449,442,7,True,True,5,,,,Real,2,0
1018,813,814,0,True,True,18,,,,Real,2,0
1019,944,1177,0,True,True,47,,,,Real,2,0
1020,1312,1533,19,True,False,58,183.583333333333,12.0,0.0,Real,0,0
1021,208,409,58,True,True,102,,,,Real,0,0
1022,5905,925,10,True,False,152,1119.0,12.0,12.0,Real,2,0
1023,108,128,25,True,True,3,,,,Real,2,0
1024,304,298,42,True,True,59,,,,Real,0,0
1025,812,801,159,True,True,9,,,,Real,0,0
1026,358,366,45,True,False,10,139.6,10.0,6.0,Real,0,0
1027,573,581,126,True,True,66,,,,Real,0,0
1028,649,517,33,True,True,10,,,,Real,0,0
1029,149,148,21,True,True,1,,,,Real,2,0
1030,1497,1992,109,True,False,161,309.666666666666,12.0,2.0,Real,0,0
1031,512,519,10,True,True,25,,,,Real,0,0
1032,501,444,165,True,False,48,61.3333333333333,24.0,10.0,Real,0,0
1033,819,786,0,True,False,28,213.833333333333,12.0,0.0,Real,2,0
1034,930,1069,65,False,True,8,,,,Real,0,0
1035,363,382,40,True,True,26,,,,Real,2,0
1036,524,466,0,True,True,21,,,,Real,2,0
1037,838,713,23,True,True,6,,,,Real,0,0
1038,762,664,7,True,True,0,,,,Real,0,0
1039,662,958,118,True,True,86,,,,Real,0,0
1040,331,297,0,True,True,9,,,,Real,0,0
1041,366,385,0,True,True,6,,,,Real,0,0
1042,1039,750,86,True,False,20,205.833333333333,12.0,1.0,Real,0,0
1043,1115,273,15,True,False,11,177.153846153846,13.0,0.0,Real,0,0
1044,525,515,81,True,True,139,,,,Real,0,0
1045,1080,1072,47,True,True,5,,,,Real,0,0
1046,84,75,77,True,True,5,,,,Real,0,0
1047,646,930,0,True,True,110,,,,Real,2,0
1048,959,1799,198,True,True,912,,,,Real,0,0
1049,598,460,42,True,True,24,,,,Real,0,0
1050,974,1232,0,True,True,40,,,,Real,0,0
1051,338,475,0,True,True,9,,,,Real,2,0
1052,1473,671,31,True,False,7,265.142857142857,7.0,0.0,Real,0,0
1053,655,666,194,True,True,4,,,,Real,2,0
1054,1765,1569,34,True,False,6,270.833333333333,6.0,0.0,Real,2,0
1055,403,353,47,True,False,67,90.9230769230769,13.0,1.0,Real,0,0
1056,424,396,51,True,True,0,,,,Real,0,0
1057,1267,1276,197,True,True,151,,,,Real,0,0
1058,1188,1291,27,False,False,4,128.0,4.0,0.0,Real,0,0
1059,802,772,34,True,True,29,,,,Real,0,0
1060,203,221,48,False,True,3,,,,Real,0,0
1061,641,502,14,True,False,13,117.76923076923,13.0,1.0,Real,2,0
1062,106,353,72,True,True,5,,,,Real,2,0
1063,2355,990,96,True,True,156,,,,Real,0,0
1064,399,399,100,True,True,33,,,,Real,0,0
1065,525,659,0,True,True,58,,,,Real,2,0
1066,458,695,9,True,True,23,,,,Real,2,0
1067,2581,622,47,True,False,45,114.166666666666,12.0,1.0,Real,0,0
1068,376,453,0,False,True,51,,,,Real,2,0
1069,1612,3461,16,True,False,171,64.9444444444444,18.0,16.0,Real,0,2
1070,4277,3456,32,True,False,144,268.695652173913,23.0,11.0,Real,0,0
1071,1712,920,47,True,True,52,,,,Real,3,3
1072,714,566,37,True,True,6,,,,Real,0,0
1073,426,428,82,True,True,27,,,,Real,0,0
1074,765,650,117,True,True,12,,,,Real,0,0
1075,340,347,0,True,True,7,,,,Real,0,0
1076,944,832,2,True,True,18,,,,Real,0,0
1077,771,699,12,True,True,13,,,,Real,0,0
1078,377,401,210,True,True,0,,,,Real,0,0
1079,389,622,57,True,True,54,,,,Real,0,0
1080,178,173,4,True,True,4,,,,Real,0,0
1081,498,597,43,False,True,4,,,,Real,0,0
1082,109,185,6,True,True,0,,,,Real,3,0
1083,666,1066,0,True,True,88,,,,Real,2,0
1084,2250,1402,9,True,True,3,,,,Real,0,0
1085,348,434,40,True,True,13,,,,Real,2,0
1086,849,952,0,True,True,160,,,,Real,0,0
1087,516,596,19,True,True,37,,,,Real,2,0
1088,565,630,23,True,True,21,,,,Real,2,0
1089,776,871,34,True,True,4,,,,Real,0,0
1090,468,539,125,True,True,99,,,,Real,0,0
1091,439,765,72,True,True,19,,,,Real,0,0
1092,440,754,0,True,True,245,,,,Real,2,0
1093,240,283,44,False,True,46,,,,Real,0,0
1094,354,440,9,True,True,0,,,,Real,2,0
1095,642,667,19,True,True,9,,,,Real,2,0
1096,211,248,29,True,True,85,,,,Real,0,0
1097,198,369,9,False,True,36,,,,Real,0,0
1098,245,473,171,True,True,42,,,,Real,0,0
1099,70,105,0,True,True,0,,,,Real,0,0
1100,300,168,60,True,True,9,,,,Real,2,0
1101,706,684,10,True,False,72,103.416666666666,12.0,8.0,Real,2,0
1102,407,396,2,True,True,30,,,,Real,0,2
1103,296,326,20,True,True,23,,,,Real,3,0
1104,205,559,0,True,True,296,,,,Real,0,0
1105,463,588,0,True,True,56,,,,Real,2,0
1106,406,520,34,True,True,172,,,,Real,2,0
1107,318,448,44,True,True,0,,,,Real,0,0
1108,1207,1203,0,True,True,9,,,,Real,0,0
1109,225,680,0,True,True,120,,,,Real,0,0
1110,238,1237,57,True,True,56,,,,Real,0,0
1111,367,469,0,True,True,40,,,,Real,0,2
1112,459,517,0,True,True,47,,,,Real,2,0
1113,471,453,87,True,False,26,193.833333333333,12.0,0.0,Real,0,0
1114,430,546,74,True,True,13,,,,Real,0,0
1115,898,884,36,True,True,34,,,,Real,0,0
1116,250,491,0,True,True,265,,,,Real,0,0
1117,414,509,0,True,True,25,,,,Real,0,0
1118,335,1261,0,True,True,439,,,,Real,0,0
1119,796,618,21,True,False,15,250.166666666666,12.0,0.0,Real,2,0
1120,350,300,0,True,True,14,,,,Real,2,0
1121,376,382,69,True,True,64,,,,Real,2,0
1122,233,317,164,True,True,56,,,,Real,0,0
1123,1146,1552,101,True,True,49,,,,Real,3,0
1124,325,497,11,True,True,11,,,,Real,0,0
1125,568,578,0,True,True,64,,,,Real,0,0
1126,704,707,358,True,False,92,191.25,12.0,1.0,Real,2,0
1127,282,446,51,True,True,174,,,,Real,2,0
1128,536,400,26,False,True,2,,,,Real,2,0
1129,303,674,12,True,True,728,,,,Real,0,0
1130,29,49,0,True,True,0,,,,Real,0,0
1131,823,946,46,True,True,206,,,,Real,0,0
1132,605,728,0,True,True,314,,,,Real,0,0
1133,129,172,0,True,True,1,,,,Real,0,0
1134,522,593,9,True,True,91,,,,Real,0,0
1135,491,941,0,True,True,145,,,,Real,0,0
1136,525,742,39,True,True,48,,,,Real,3,0
1137,1174,1321,67,True,True,301,,,,Real,0,0
1138,359,454,27,False,False,25,63.9166666666666,12.0,0.0,Real,2,2
1139,346,854,32,True,True,335,,,,Real,2,0
1140,332,467,41,True,True,5,,,,Real,0,0
1141,402,519,5,True,True,29,,,,Real,0,0
1142,511,467,19,True,True,52,,,,Real,2,0
1143,531,587,61,True,True,90,,,,Real,2,2
1144,472,494,33,True,True,48,,,,Real,2,0
1145,128,192,0,True,True,81,,,,Real,2,0
1146,252,450,24,True,True,12,,,,Real,2,3
1147,677,642,26,True,True,85,,,,Real,2,0
1148,1670,7409,89,True,True,762,,,,Real,0,0
1149,141,374,0,False,True,0,,,,Real,2,0
1150,44,41,34,True,False,5,13.0,5.0,1.0,Real,0,0
1151,1062,611,19,False,False,133,67.1666666666666,12.0,0.0,Real,0,0
1152,53,186,33,True,True,3,,,,Real,2,0
1153,27,187,143,True,False,1,19.0,1.0,0.0,Real,0,0
1154,124,175,146,True,True,3,,,,Real,3,0
1155,43,459,0,True,True,26,,,,Real,0,2
1156,2447,2771,238,True,False,547,31.3529411764705,17.0,0.0,Real,0,0
1157,175,211,0,True,True,44,,,,Real,0,4
1158,51,461,0,True,False,0,0.0,0.0,0.0,Real,0,4
1159,193,567,0,False,True,0,,,,Real,2,0
1160,532,977,166,True,True,17,,,,Real,0,0
1161,2349,1626,78,True,False,228,14.5384615384615,13.0,0.0,Real,0,0
1162,94,332,0,True,False,3,4.8,5.0,0.0,Real,0,0
1163,6468,1971,199,True,False,16,127.217391304347,23.0,3.0,Real,0,0
1164,209,989,12,False,True,0,,,,Real,0,0
1165,39,218,0,True,False,1,7.0,1.0,0.0,Real,0,4
1166,241,944,0,True,False,0,0.0,0.0,0.0,Real,0,4
1167,953,1100,164,True,False,9,37.2222222222222,9.0,0.0,Real,0,0
1168,193,441,144,True,False,47,16.9166666666666,12.0,0.0,Real,0,0
1169,187,303,0,True,False,16,25.0833333333333,12.0,0.0,Real,0,4
1170,866,2196,276,True,True,271,,,,Real,0,0
1171,442,1050,177,True,True,132,,,,Real,0,2
1172,240,264,101,True,True,6,,,,Real,0,0
1173,360,2630,181,True,True,0,,,,Real,0,2
1174,178,1144,11,True,False,0,0.0,0.0,0.0,Real,2,4
1175,296,359,76,True,True,8,,,,Real,2,0
1176,439,1207,0,True,False,49,29.8333333333333,12.0,0.0,Real,0,0
1177,332,2910,0,True,True,83,,,,Real,0,2
1178,782,2515,218,True,False,246,25.6666666666666,12.0,0.0,Real,0,4
1179,48,1453,0,False,True,0,,,,Real,2,6
1180,930,1824,65,True,False,60,128.916666666666,12.0,0.0,Real,0,0
1181,557,6415,24,True,False,33,16.7692307692307,13.0,0.0,Real,0,0
1182,707,3027,217,True,False,25,39.25,12.0,0.0,Real,0,2
1183,546,2372,0,True,True,19,,,,Real,0,4
1184,92,793,188,False,False,37,13.9166666666666,12.0,0.0,Real,0,0
1185,325,1164,200,True,False,107,15.0833333333333,12.0,0.0,Real,2,0
1186,1732,5210,0,True,False,0,0.0,0.0,0.0,Real,0,4
1187,347,1752,17,True,False,20,20.2307692307692,13.0,0.0,Real,2,3
1188,432,2844,0,True,True,168,,,,Real,2,2
1189,858,6474,40,True,False,2390,24.6666666666666,12.0,0.0,Real,0,2
1190,51,1102,23,True,False,1,84.0,1.0,0.0,Real,0,3
1191,161,1630,663,True,False,13,69.5,12.0,0.0,Real,2,0
1192,608,5978,9,True,False,20,27.75,12.0,0.0,Real,0,0
1193,341,1545,158,False,False,13,49.3333333333333,12.0,0.0,Real,0,0
1194,538,223,37,False,False,222,57.3076923076923,13.0,10.0,Real,0,0
1195,184,501,0,True,True,2,,,,Real,2,0
1196,335,909,0,True,True,44,,,,Real,0,0
1197,818,813,58,True,True,6,,,,Real,2,0
1198,548,1004,0,True,True,294,,,,Real,0,0
1199,2010,1522,9,True,True,107,,,,Real,2,0
1200,527,1142,8,True,True,0,,,,Real,2,0
1201,385,488,27,True,True,35,,,,Real,2,0
1202,551,693,56,True,False,15,94.0,12.0,0.0,Real,0,0
1203,695,839,12,True,True,149,,,,Real,0,0
1204,33,19,0,True,False,12,5.76923076923076,13.0,1.0,Real,0,0
1205,1070,1104,51,True,True,80,,,,Real,0,0
1206,261,367,0,True,True,25,,,,Real,0,0
1207,834,779,380,True,True,552,,,,Real,0,0
1208,388,804,0,True,True,111,,,,Real,2,2
1209,853,751,90,True,True,26,,,,Real,0,0
1210,649,6098,0,False,True,58,,,,Real,0,0
1211,355,1179,0,True,True,74,,,,Real,0,0
1212,437,439,41,True,True,5,,,,Real,2,2
1213,587,562,0,True,True,39,,,,Real,0,0
1214,161,164,0,True,True,26,,,,Real,0,0
1215,313,663,28,True,True,8,,,,Real,0,0
1216,16,47,91,True,False,6,4.83333333333333,6.0,0.0,Real,2,0
1217,8978,5716,242,False,False,361,12.5833333333333,12.0,0.0,Real,0,0
1218,6461,6587,37,False,True,44,,,,Real,3,0
1219,11392,3057,175,True,False,70,48.0,12.0,0.0,Real,0,0
1220,586,6067,0,True,True,68,,,,Real,0,0
1221,32059,5215,213,True,True,2981,,,,Real,2,0
1222,2507,7047,0,True,False,537,45.5833333333333,12.0,0.0,Real,2,0
1223,13,26,0,True,False,120,1.66666666666666,12.0,0.0,Real,0,0
1224,416,456,28,True,True,49,,,,Real,2,0
1225,192,176,0,True,True,53,,,,Real,0,0
1226,15830,4302,130,True,False,3,13.25,4.0,3.0,Real,0,6
1227,23,187,147,True,False,11,2.36363636363636,11.0,0.0,Real,0,0
1228,948,1889,249,True,True,0,,,,Real,2,0
1229,4433,2088,86,True,False,84,132.166666666666,12.0,0.0,Real,2,0
1230,17,474,90,True,True,57,,,,Real,0,2
1231,415,991,17,True,True,249,,,,Real,0,0
1232,55,224,132,True,True,13,,,,Real,0,0
1233,2415,2761,0,True,False,622,6.33333333333333,12.0,0.0,Real,0,11
1234,5,12,42,True,True,0,,,,Real,0,3
1235,133,155,0,True,True,9,,,,Real,0,0
1236,67,146,0,False,True,0,,,,Real,4,0
1237,496,84,0,True,True,1,,,,Real,0,0
1238,21,113,237,True,False,1,0.0,1.0,0.0,Real,2,0
1239,246,255,32,True,False,16,120.416666666666,12.0,0.0,Real,0,0
1240,170,136,69,True,True,31,,,,Real,2,0
1241,1147,1045,0,True,True,0,,,,Real,0,0
1242,186,224,0,True,True,1,,,,Real,3,0
1243,1025,4505,28,True,False,204,96.6666666666666,12.0,0.0,Real,2,0
1244,31,386,54,True,False,23,0.75,12.0,0.0,Real,0,0
1245,754,570,90,True,False,30,40.3333333333333,12.0,0.0,Real,0,0
1246,47126,7492,231,True,False,1521,14.375,24.0,13.0,Real,0,0
1247,446,386,0,True,False,63,79.25,12.0,0.0,Real,0,0
1248,221,681,217,True,True,86,,,,Real,2,0
1249,332,201,46,True,True,10,,,,Real,0,1
1250,133,499,23,True,True,1,,,,Real,2,0
1251,27,74,0,True,False,0,0.0,0.0,0.0,Real,0,2
1252,7670,5002,0,True,False,0,0.0,0.0,0.0,Real,0,0
1253,156,1498,218,True,True,3,,,,Real,0,2
1254,175,435,0,True,True,0,,,,Real,2,0
1255,214,1042,41,True,True,0,,,,Real,0,1
1256,1030,2119,107,True,False,32,87.2916666666666,24.0,0.0,Real,0,0
1257,18,213,195,True,False,3,1.33333333333333,3.0,0.0,Real,0,0
1258,111,226,75,True,False,2,0.5,2.0,0.0,Real,0,0
1259,665,473,0,False,True,0,,,,Real,2,0
1260,139,270,189,True,False,28,8.16666666666666,12.0,0.0,Real,0,0
1261,341,408,7,True,True,29,,,,Real,0,0
1262,1222,741,45,True,False,28,171.0,12.0,1.0,Real,0,0
1263,779,503,43,True,True,24,,,,Real,2,0
1264,22,28,0,False,True,17,,,,Real,0,0
1265,915,647,29,True,False,14,192.916666666666,12.0,0.0,Real,2,0
1266,602,615,62,True,True,351,,,,Real,0,0
1267,499,645,644,True,False,32,58.6666666666666,24.0,7.0,Real,0,1
1268,525,551,38,True,True,0,,,,Real,2,0
1269,4020,555,3,True,False,72,233.333333333333,12.0,4.0,Real,0,0
1270,479,334,0,True,True,0,,,,Real,2,0
1271,458,320,0,False,False,6,107.5,6.0,0.0,Real,0,1
1272,455,394,105,True,True,25,,,,Real,0,0
1273,147,182,0,True,True,0,,,,Real,0,0
1274,2596,1596,15,True,True,19,,,,Real,0,0
1275,940,944,97,True,False,32,251.416666666666,12.0,2.0,Real,0,0
1276,237,327,17,True,True,6,,,,Real,0,0
1277,731,690,41,True,True,27,,,,Real,0,0
1278,595,589,40,True,True,15,,,,Real,0,0
1279,919,906,159,True,True,38,,,,Real,2,0
1280,480,475,13,True,True,0,,,,Real,0,0
1281,71,100,0,True,True,37,,,,Real,0,0
1282,421,389,165,True,False,9,50.6923076923076,13.0,0.0,Real,0,0
1283,585,514,0,True,False,9,160.888888888888,9.0,1.0,Real,0,0
1284,268,270,0,True,True,30,,,,Real,2,0
1285,386,468,57,True,True,2,,,,Real,0,0
1286,840,782,13,True,False,45,189.666666666666,12.0,1.0,Real,2,0
1287,214,200,2,True,True,8,,,,Real,3,0
1288,365,461,0,False,True,54,,,,Real,2,0
1289,1192,851,12,True,True,106,,,,Real,2,0
1290,1530,1309,199,True,False,53,138.846153846153,13.0,9.0,Real,0,0
1291,1148,1776,0,True,True,189,,,,Real,7,0
1292,233,223,0,True,True,0,,,,Real,2,0
1293,547,535,100,True,True,16,,,,Real,0,0
1294,1422,1547,77,True,True,119,,,,Real,0,0
1295,523,621,0,True,True,9,,,,Real,0,0
1296,436,444,0,True,True,29,,,,Real,0,3
1297,398,358,38,True,True,0,,,,Real,0,0
1298,326,1313,333,True,True,262,,,,Real,0,2
1299,524,1362,57,True,True,0,,,,Real,0,0
1300,697,655,1,True,True,14,,,,Real,2,2
1301,292,298,12,True,True,0,,,,Real,2,0
1302,1049,861,37,True,False,11,177.636363636363,11.0,0.0,Real,0,0
1303,841,681,69,True,False,15,213.833333333333,12.0,0.0,Real,2,0
1304,576,471,78,True,True,7,,,,Real,0,0
1305,1740,1249,41,True,False,21,189.833333333333,12.0,2.0,Real,0,0
1306,3031,5294,308,True,False,713,84.5833333333333,12.0,2.0,Real,2,0
1307,363,319,23,True,True,3,,,,Real,2,0
1308,1546,400,120,True,True,25,,,,Real,0,0
1309,467,1186,56,True,True,0,,,,Real,0,0
1310,944,971,284,True,True,216,,,,Real,0,0
1311,768,721,100,True,True,23,,,,Real,0,0
1312,389,601,90,True,True,8,,,,Real,0,0
1313,546,546,0,True,True,4,,,,Real,0,0
1314,753,592,46,True,True,82,,,,Real,0,0
1315,596,459,63,True,True,9,,,,Real,0,0
1316,481,507,24,True,True,12,,,,Real,0,0
1317,459,473,11,True,True,46,,,,Real,0,0
1318,1821,2423,50,True,False,7,305.0,7.0,0.0,Real,0,0
1319,791,732,70,True,False,62,120.583333333333,12.0,1.0,Real,2,0
1320,259,316,0,True,True,28,,,,Real,2,0
1321,404,393,21,False,True,4,,,,Real,0,0
1322,302,304,10,True,True,6,,,,Real,2,0
1323,977,1389,0,True,True,21,,,,Real,0,0
1324,412,404,0,True,True,35,,,,Real,0,0
1325,444,470,47,True,False,43,125.0,12.0,0.0,Real,0,0
1326,244,332,12,True,True,0,,,,Real,0,0
1327,146,163,0,False,True,2,,,,Real,0,0
1328,314,102,92,True,False,11,47.6153846153846,13.0,7.0,Real,0,0
1329,372,367,16,True,False,4,123.75,4.0,3.0,Real,2,0
1330,1233,2804,28,True,True,45,,,,Real,0,0
1331,275,355,0,True,True,5,,,,Real,3,0
1332,868,935,159,True,False,16,82.5833333333333,12.0,4.0,Real,0,0
1333,208,149,157,True,False,9,24.1111111111111,9.0,0.0,Real,2,0
1334,885,436,0,True,True,33,,,,Real,0,0
1335,372,430,25,True,True,1,,,,Real,2,0
1336,313,455,75,True,True,62,,,,Real,0,0
1337,383,370,35,True,True,22,,,,Real,2,0
1338,357,397,0,True,True,8,,,,Real,2,0
1339,473,470,120,True,True,155,,,,Real,2,0
1340,487,453,44,True,True,74,,,,Real,0,0
1341,475,551,9,True,True,47,,,,Real,0,0
1342,490,503,2,True,True,4,,,,Real,2,0
1343,415,444,0,True,True,8,,,,Real,0,0
1344,719,935,73,True,True,15,,,,Real,3,0
1345,2788,2020,377,True,False,43,182.666666666666,12.0,1.0,Real,2,0
1346,1327,1552,205,True,False,53,56.8333333333333,24.0,10.0,Real,0,0
1347,321,355,0,True,True,4,,,,Real,2,0
1348,482,535,63,True,True,12,,,,Real,2,0
1349,2286,2185,34,True,False,802,138.615384615384,13.0,4.0,Real,0,0
1350,769,557,21,True,True,7,,,,Real,2,0
1351,238,255,18,True,True,2,,,,Real,2,0
1352,534,545,32,True,True,72,,,,Real,0,0
1353,324,251,0,True,False,96,67.25,12.0,0.0,Real,0,0
1354,329,336,78,False,False,1,140.0,1.0,1.0,Real,0,0
1355,402,306,274,False,True,283,,,,Real,2,0
1356,351,373,5,True,True,6,,,,Real,3,0
1357,315,323,7,True,True,5,,,,Real,0,0
1358,841,560,0,True,True,21,,,,Real,0,0
1359,457,604,53,True,True,5,,,,Real,3,0
1360,91,295,0,True,False,42,15.0833333333333,12.0,8.0,Real,3,0
1361,401,423,34,True,True,7,,,,Real,0,0
1362,428,470,194,True,True,46,,,,Real,0,0
1363,1786,1572,105,True,False,49,240.642857142857,14.0,5.0,Real,2,0
1364,519,443,45,True,True,27,,,,Real,2,0
1365,762,673,7,True,False,6,230.833333333333,6.0,0.0,Real,2,0
1366,330,419,68,True,True,136,,,,Real,4,0
1367,407,472,0,True,False,7,108.285714285714,7.0,0.0,Real,0,3
1368,2199,4565,228,True,False,296,51.05,20.0,14.0,Real,0,4
1369,1028,1069,135,True,False,125,14.4090909090909,22.0,8.0,Real,0,0
1370,768,694,0,True,True,51,,,,Real,2,0
1371,1551,1241,263,True,False,17,144.25,12.0,2.0,Real,0,0
1372,1981,1674,297,True,False,40,195.615384615384,13.0,0.0,Real,0,0
1373,873,850,18,True,True,25,,,,Real,0,0
1374,243,374,0,True,True,1,,,,Real,2,0
1375,897,633,102,True,True,0,,,,Real,2,2
1376,448,485,34,True,True,11,,,,Real,0,0
1377,536,573,19,True,False,7,191.142857142857,7.0,0.0,Real,0,0
1378,408,513,74,True,True,12,,,,Real,2,0
1379,847,801,36,True,True,1,,,,Real,3,0
1380,312,300,0,False,False,118,96.0,12.0,0.0,Real,3,3
1381,681,447,254,True,True,27,,,,Real,0,0
1382,295,782,46,True,True,4,,,,Real,0,2
1383,501,561,4,True,True,15,,,,Real,2,0
1384,1708,1937,55,False,True,18,,,,Real,0,2
1385,432,411,0,True,True,4,,,,Real,2,0
1386,1025,1231,418,True,False,45,69.9166666666666,12.0,0.0,Real,0,2
1387,308,250,0,False,True,4,,,,Real,2,0
1388,593,533,0,True,True,4,,,,Real,0,0
1389,180,245,0,True,True,3,,,,Real,0,2
1390,672,643,0,True,True,42,,,,Real,0,0
1391,818,856,193,True,False,48,237.666666666666,12.0,0.0,Real,0,2
1392,135,193,13,True,True,3,,,,Real,0,0
1393,679,285,192,True,False,48,14.25,12.0,7.0,Real,0,0
1394,1481,1756,142,True,False,15,163.583333333333,12.0,0.0,Real,0,0
1395,316,373,251,True,True,120,,,,Real,2,0
1396,1480,1327,67,True,True,8,,,,Real,2,0
1397,1162,843,47,True,True,0,,,,Real,2,1
1398,732,752,12,True,True,27,,,,Real,0,0
1399,211,298,45,True,True,0,,,,Real,0,0
1400,219,211,0,True,True,39,,,,Real,2,0
1401,84,50,0,True,True,0,,,,Real,0,0
1402,716,718,61,True,False,56,135.4375,16.0,3.0,Real,0,0
1403,413,390,6,True,True,0,,,,Real,2,0
1404,567,640,13,True,True,89,,,,Real,2,0
1405,1442,940,233,True,False,660,110.916666666666,12.0,5.0,Real,0,2
1406,1137,338,76,True,False,37,250.166666666666,12.0,2.0,Real,0,0
1407,499,501,46,True,True,44,,,,Real,0,0
1408,439,484,56,True,False,67,81.8333333333333,12.0,0.0,Real,0,0
1409,322,395,104,True,True,51,,,,Real,0,0
1410,427,480,81,True,True,87,,,,Real,2,0
1411,1759,1523,46,True,False,88,221.0625,16.0,3.0,Real,0,3
1412,848,1074,44,True,True,0,,,,Real,2,0
1413,374,316,0,False,True,26,,,,Real,0,0
1414,318,319,44,True,True,0,,,,Real,2,0
1415,264,368,0,True,True,3,,,,Real,0,0
1416,633,1118,469,True,True,393,,,,Real,2,0
1417,3959,1391,91,True,False,58,199.583333333333,12.0,6.0,Real,0,0
1418,367,712,272,True,True,76,,,,Real,2,0
1419,152,156,0,True,True,21,,,,Real,0,0
1420,183,231,0,True,True,96,,,,Real,3,0
1421,468,472,0,True,True,0,,,,Real,2,0
1422,9983,7470,204,True,True,1369,,,,Real,0,0
1423,479,127,48,True,True,15,,,,Real,0,2
1424,1355,942,91,True,True,234,,,,Real,0,0
1425,298,231,0,True,True,6,,,,Real,0,0
1426,287,422,18,True,True,3,,,,Real,2,2
1427,490,505,37,True,True,3,,,,Real,0,0
1428,3573,1789,64,True,False,138,57.9583333333333,24.0,20.0,Real,0,0
1429,521,523,0,True,True,26,,,,Real,3,0
1430,549,809,46,True,True,3,,,,Real,0,0
1431,513,757,0,False,True,4,,,,Real,2,0
1432,535,498,0,True,True,2,,,,Real,0,0
1433,2086,2534,201,True,False,369,138.357142857142,14.0,7.0,Real,0,0
1434,1236,5236,0,True,True,70,,,,Real,0,0
1435,402,417,136,True,True,26,,,,Real,0,2
1436,242,1226,98,True,True,30,,,,Real,0,0
1437,948,584,34,True,True,22,,,,Real,0,0
1438,248,275,0,True,True,0,,,,Real,0,0
1439,158,413,190,True,False,27,15.25,12.0,0.0,Real,2,0
1440,72,71,19,False,True,24,,,,Real,3,0
1441,154,198,17,True,True,0,,,,Real,2,0
1442,267,303,17,True,True,1,,,,Real,0,0
1443,820,1027,44,True,True,162,,,,Real,0,0
1444,293,312,11,True,True,4,,,,Real,0,0
1445,251,255,92,True,True,10,,,,Real,2,0
1446,589,490,12,True,True,3,,,,Real,2,0
1447,285,238,0,True,False,65,62.1666666666666,12.0,0.0,Real,0,0
1448,715,1064,71,True,True,581,,,,Real,0,0
1449,17812,7288,234,True,False,146,357.928571428571,14.0,12.0,Real,0,0
1450,1306,453,67,True,False,93,181.833333333333,12.0,11.0,Real,0,0
1451,434,411,74,True,True,29,,,,Real,0,0
1452,190,184,0,True,True,7,,,,Real,0,0
1453,373,310,0,True,True,27,,,,Real,0,0
1454,418,400,0,False,True,47,,,,Real,3,0
1455,299,301,0,True,True,0,,,,Real,0,3
1456,221,272,0,False,True,6,,,,Real,2,0
1457,438,398,35,True,True,4,,,,Real,0,1
1458,312,370,28,True,True,6,,,,Real,4,0
1459,50,191,0,True,True,0,,,,Real,0,0
1460,500,597,95,True,True,6,,,,Real,2,0
1461,246,253,39,True,False,88,50.6153846153846,13.0,2.0,Real,2,0
1462,313,414,75,True,True,30,,,,Real,0,0
1463,802,609,349,True,True,256,,,,Real,0,2
1464,204,438,39,True,True,25,,,,Real,2,0
1465,365,453,25,True,False,4,120.25,4.0,0.0,Real,0,0
1466,9131,4860,199,True,False,1581,156.041666666666,24.0,24.0,Real,0,0
1467,512,565,65,False,True,62,,,,Real,2,1
1468,394,373,25,True,True,3,,,,Real,2,0
1469,255,223,0,True,True,156,,,,Real,0,0
1470,644,648,44,True,True,22,,,,Real,0,0
1471,200,2142,38,True,False,7,6.0,7.0,0.0,Real,0,2
1472,629,628,27,True,True,21,,,,Real,2,0
1473,228,410,152,True,True,155,,,,Real,0,0
1474,478,520,0,True,True,2,,,,Real,0,2
1475,775,560,122,True,False,169,72.5714285714285,14.0,3.0,Real,0,0
1476,246,245,55,True,True,23,,,,Real,0,0
1477,572,503,59,True,True,21,,,,Real,0,0
1478,723,668,6,True,False,3,323.0,3.0,0.0,Real,0,0
1479,143,153,2,True,True,1,,,,Real,2,0
1480,152,150,0,True,False,0,0.0,0.0,0.0,Real,0,0
1481,311,197,155,True,False,14,46.9166666666666,12.0,0.0,Real,0,0
1482,554,171,64,True,False,100,29.5,12.0,0.0,Real,0,0
1483,338,270,12,True,True,23,,,,Real,0,0
1484,587,879,0,True,True,5,,,,Real,0,3
1485,833,837,0,True,True,10,,,,Real,0,0
1486,108,150,0,True,False,3,18.3333333333333,3.0,0.0,Real,0,2
1487,353,1162,0,True,True,44,,,,Real,2,4
1488,928,567,64,True,False,9,114.0,10.0,0.0,Real,0,1
1489,384,431,0,True,True,0,,,,Real,2,0
1490,476,625,98,True,True,36,,,,Real,0,0
1491,648,787,24,True,True,11,,,,Real,2,0
1492,168,297,0,True,True,53,,,,Real,2,2
1493,1821,1334,309,True,False,223,104.666666666666,12.0,1.0,Real,0,0
1494,357,373,0,False,True,134,,,,Real,2,0
1495,164,195,31,True,True,0,,,,Real,0,0
1496,229,524,71,True,True,0,,,,Real,2,0
1497,1037,955,17,True,False,90,244.142857142857,14.0,0.0,Real,0,0
1498,828,952,41,True,True,3,,,,Real,3,1
1499,167,179,152,True,True,7,,,,Real,0,0
1500,199,226,0,False,True,0,,,,Real,2,0
1501,989,1051,42,False,True,27,,,,Real,0,1
1502,785,850,52,True,True,27,,,,Real,0,0
1503,405,516,20,True,True,17,,,,Real,0,0
1504,782,823,0,True,True,12,,,,Real,0,0
1505,655,1608,59,True,True,94,,,,Real,0,0
1506,152,155,31,True,True,9,,,,Real,2,1
1507,1411,2833,240,True,False,130,35.4166666666666,24.0,10.0,Real,0,0
1508,560,531,24,True,True,199,,,,Real,0,1
1509,108,96,60,True,True,2,,,,Real,0,0
1510,438,485,40,True,True,31,,,,Real,0,0
1511,259,239,0,False,True,0,,,,Real,3,0
1512,419,694,106,True,False,2,48.5,2.0,0.0,Real,3,0
1513,794,787,31,True,True,66,,,,Real,0,2
1514,401,399,0,False,True,11,,,,Real,2,0
1515,489,401,143,True,True,0,,,,Real,0,2
1516,1950,1379,203,True,True,28,,,,Real,0,0
1517,937,858,0,True,True,22,,,,Real,0,0
1518,1046,959,73,True,True,6,,,,Real,0,2
1519,2021,1241,194,True,False,31,394.142857142857,14.0,0.0,Real,2,0
1520,1769,209,49,True,True,10,,,,Real,0,2
1521,404,534,25,True,True,6,,,,Real,2,0
1522,340,303,12,False,True,37,,,,Real,0,0
1523,837,1176,0,True,True,41,,,,Real,0,4
1524,397,488,40,True,True,3,,,,Real,0,1
1525,159,270,0,True,True,1,,,,Real,2,0
1526,200,194,0,True,True,15,,,,Real,0,2
1527,248,421,19,True,True,4,,,,Real,2,0
1528,4943,736,58,True,False,69,300.318181818181,22.0,4.0,Real,0,0
1529,951,950,123,False,True,11,,,,Real,0,0
1530,1292,3370,213,True,False,280,27.0666666666666,15.0,12.0,Real,0,0
1531,11234,3389,232,True,False,385,91.0,24.0,14.0,Real,0,0
1532,552,1208,204,True,True,11,,,,Real,0,0
1533,605,757,0,True,True,26,,,,Real,2,0
1534,663,856,42,True,True,35,,,,Real,0,0
1535,491,4380,0,True,True,18,,,,Real,0,0
1536,238,263,0,True,True,3,,,,Real,0,0
1537,420,519,0,False,True,0,,,,Real,3,0
1538,488,427,47,True,True,57,,,,Real,2,0
1539,1670,1296,61,True,False,193,64.5,20.0,11.0,Real,0,0
1540,306,263,27,True,True,1,,,,Real,0,2
1541,630,571,43,True,True,0,,,,Real,0,0
1542,374,409,0,True,True,39,,,,Real,2,0
1543,617,491,791,True,True,2373,,,,Real,0,0
1544,1073,1506,44,True,True,238,,,,Real,0,0
1545,208,559,0,True,True,3,,,,Real,0,0
1546,560,2696,102,True,True,168,,,,Real,2,4
1547,313,314,28,True,True,15,,,,Real,2,0
1548,1131,1918,0,True,True,449,,,,Real,2,0
1549,494,656,31,True,True,9,,,,Real,2,0
1550,186,308,109,True,True,79,,,,Real,2,3
1551,406,439,0,True,True,7,,,,Real,0,0
1552,208,333,0,True,True,3,,,,Real,0,2
1553,911,696,4,True,True,1,,,,Real,0,0
1554,7117,4402,77,True,False,42,131.416666666666,12.0,1.0,Real,0,1
1555,373,434,0,False,True,10,,,,Real,2,0
1556,849,491,33,True,True,141,,,,Real,0,0
1557,54,97,9,True,False,21,9.25,12.0,1.0,Real,3,0
1558,297,298,0,True,True,6,,,,Real,2,0
1559,98,133,44,True,True,4,,,,Real,2,0
1560,287,237,58,True,False,227,35.7692307692307,13.0,3.0,Real,2,0
1561,902,849,37,True,True,105,,,,Real,0,0
1562,1045,556,26,True,True,36,,,,Real,0,0
1563,737,746,139,True,True,29,,,,Real,2,0
1564,489,977,42,True,False,49,26.1666666666666,12.0,0.0,Real,0,0
1565,289,438,188,True,True,18,,,,Real,2,0
1566,2063,7499,237,True,True,263,,,,Real,0,0
1567,2020,2438,137,True,False,26,74.1666666666666,12.0,0.0,Real,2,0
1568,328,446,11,True,True,2,,,,Real,0,0
1569,463,434,32,True,True,27,,,,Real,0,0
1570,509,536,0,True,True,77,,,,Real,0,2
1571,576,768,43,True,True,154,,,,Real,0,0
1572,298,482,14,True,True,1,,,,Real,0,0
1573,997,1045,5,True,True,21,,,,Real,0,0
1574,428,319,4,True,True,43,,,,Real,0,0
1575,706,487,31,True,False,3,148.666666666666,3.0,0.0,Real,0,0
1576,533,525,25,True,True,5,,,,Real,0,0
1577,800,2385,65,True,False,41,41.75,12.0,0.0,Real,6,0
1578,168,458,0,True,True,16,,,,Real,0,0
1579,735,739,90,True,True,9,,,,Real,0,0
1580,502,506,42,True,True,53,,,,Real,2,2
1581,353,400,0,True,True,2,,,,Real,2,0
1582,142,163,0,True,True,23,,,,Real,0,2
1583,7180,1939,96,True,False,81,126.583333333333,12.0,5.0,Real,2,0
1584,1185,990,69,True,True,7,,,,Real,2,0
1585,1366,3355,112,True,False,148,40.6666666666666,12.0,0.0,Real,0,0
1586,470,697,0,True,True,62,,,,Real,2,0
1587,15,20,0,True,True,15,,,,Real,2,8
1588,1418,1427,0,True,True,6,,,,Real,0,0
1589,2511,716,61,True,True,4,,,,Real,3,0
1590,476,553,12,True,True,22,,,,Real,0,0
1591,2502,5330,296,True,False,171,65.1739130434782,23.0,8.0,Real,0,0
1592,278,255,18,False,True,111,,,,Real,2,0
1593,505,309,36,True,False,28,146.833333333333,12.0,0.0,Real,0,0
1594,572,385,7,True,True,10,,,,Real,2,0
1595,345,525,48,True,True,18,,,,Real,2,0
1596,7187,838,48,True,False,93,963.083333333333,12.0,5.0,Real,0,0
1597,729,674,39,True,True,316,,,,Real,0,0
1598,245,604,160,True,True,88,,,,Real,2,0
1599,329,528,28,True,True,23,,,,Real,0,0
1600,448,525,25,True,True,31,,,,Real,0,0
1601,355,398,24,True,True,2,,,,Real,0,0
1602,375,512,489,True,True,14,,,,Real,0,0
1603,349,362,27,True,True,7,,,,Real,2,0
1604,685,735,100,True,True,89,,,,Real,2,0
1605,551,527,0,True,True,32,,,,Real,0,0
1606,1026,539,0,True,False,286,74.1666666666666,12.0,5.0,Real,2,2
1607,557,545,68,True,True,2,,,,Real,0,0
1608,1266,927,92,True,False,258,93.6666666666666,12.0,8.0,Real,2,0
1609,628,799,121,True,True,31,,,,Real,2,1
1610,416,444,31,True,True,3,,,,Real,2,0
1611,248,355,10,True,True,1,,,,Real,2,2
1612,442,501,128,True,True,7,,,,Real,2,0
1613,224,291,116,True,False,2,4.0,2.0,0.0,Real,0,0
1614,725,1239,8,False,True,22,,,,Real,2,0
1615,772,734,43,False,True,26,,,,Real,0,0
1616,409,545,202,True,True,72,,,,Real,0,0
1617,4729,564,347,True,True,70,,,,Real,0,0
1618,491,461,0,False,True,17,,,,Real,0,0
1619,267,262,0,False,True,29,,,,Real,0,0
1620,913,348,39,True,True,75,,,,Real,0,1
1621,1716,5078,86,True,False,230,50.9166666666666,12.0,5.0,Real,0,0
1622,348,351,15,True,True,4,,,,Real,0,0
1623,470,430,0,True,True,192,,,,Real,0,0
1624,454,471,238,True,True,2,,,,Real,0,2
1625,743,684,40,True,True,14,,,,Real,2,0
1626,794,653,0,True,True,33,,,,Real,2,0
1627,775,953,0,True,True,219,,,,Real,0,0
1628,1111,916,159,True,True,7,,,,Real,2,0
1629,500,505,9,True,True,9,,,,Real,0,0
1630,457,446,22,True,True,1,,,,Real,2,0
1631,958,938,8,True,True,7,,,,Real,0,0
1632,1312,372,257,True,False,16,225.25,12.0,0.0,Real,0,0
1633,380,383,32,True,True,4,,,,Real,2,0
1634,426,462,46,True,True,51,,,,Real,3,0
1635,466,673,119,True,True,36,,,,Real,0,0
1636,460,325,0,True,True,96,,,,Real,0,0
1637,513,600,9,True,True,0,,,,Real,2,0
1638,609,638,44,True,True,33,,,,Real,2,0
1639,12021,546,59,True,True,4,,,,Real,0,0
1640,692,628,31,True,True,8,,,,Real,0,0
1641,630,715,10,True,True,1,,,,Real,2,0
1642,242,293,16,True,True,2,,,,Real,0,0
1643,314,579,0,True,True,316,,,,Real,2,0
1644,627,1146,0,False,False,0,0.0,0.0,0.0,Real,0,2
1645,712,636,31,True,True,42,,,,Real,0,0
1646,130,144,0,True,True,17,,,,Real,2,0
1647,897,995,36,True,True,0,,,,Real,0,0
1648,739,800,56,True,True,5,,,,Real,0,0
1649,706,781,92,True,True,13,,,,Real,0,0
1650,399,450,116,True,True,27,,,,Real,0,0
1651,409,427,0,True,True,21,,,,Real,2,0
1652,727,2525,246,True,True,156,,,,Real,0,4
1653,312,363,74,True,True,2,,,,Real,2,0
1654,150218,2033,161,True,False,32,2310.85714285714,14.0,0.0,Real,0,0
1655,84,580,341,True,False,15,6.66666666666666,12.0,3.0,Real,2,0
1656,887,1267,254,True,False,256,148.142857142857,14.0,1.0,Real,2,0
1657,353,378,0,True,True,34,,,,Real,0,0
1658,501,652,0,True,True,4,,,,Real,0,2
1659,1289,1152,51,True,False,119,90.9166666666666,12.0,2.0,Real,2,0
1660,900,823,18,True,True,10,,,,Real,2,0
1661,627,744,0,True,True,11,,,,Real,2,0
1662,138,194,0,True,True,0,,,,Real,0,2
1663,513,539,9,False,True,44,,,,Real,0,0
1664,346,519,56,False,True,0,,,,Real,2,0
1665,285,529,50,True,True,16,,,,Real,0,0
1666,457,529,58,True,True,23,,,,Real,0,1
1667,422,405,0,True,True,0,,,,Real,0,1
1668,1181,1122,123,True,True,83,,,,Real,0,0
1669,641,647,41,True,True,26,,,,Real,2,0
1670,795,820,35,True,True,4,,,,Real,0,0
1671,1143,670,19,False,True,82,,,,Real,2,0
1672,539,590,16,True,False,19,99.3846153846154,13.0,1.0,Real,2,0
1673,395,401,61,True,True,27,,,,Real,0,0
1674,502,622,37,True,True,33,,,,Real,0,0
1675,254,467,48,True,True,249,,,,Real,0,0
1676,678,1124,0,True,True,40,,,,Real,0,0
1677,986,1143,21,True,True,100,,,,Real,0,0
1678,465,504,0,True,True,4,,,,Real,0,0
1679,1155,1128,228,True,False,240,19.5,14.0,5.0,Real,0,0
1680,496,511,64,True,True,45,,,,Real,0,0
1681,628,2073,61,True,True,159,,,,Real,0,0
1682,84,300,27,True,True,12,,,,Real,0,2
1683,406,794,1,True,True,0,,,,Real,3,0
1684,576,559,3,True,True,13,,,,Real,0,0
1685,3715,1826,127,True,False,84,95.9166666666666,12.0,0.0,Real,0,0
1686,19157,7487,206,True,False,1160,81.6666666666666,24.0,22.0,Real,0,0
1687,392,810,105,True,True,0,,,,Real,2,0
1688,95,384,92,True,True,11,,,,Real,0,4
1689,673,659,18,True,True,2,,,,Real,0,0
1690,477,669,53,True,True,167,,,,Real,2,0
1691,231,267,0,False,True,29,,,,Real,2,0
1692,454,507,83,True,True,0,,,,Real,2,0
1693,1136,991,348,True,False,248,158.333333333333,12.0,0.0,Real,0,0
1694,574,843,0,False,True,39,,,,Real,2,0
1695,477,501,40,True,True,15,,,,Real,2,0
1696,425,455,0,True,True,9,,,,Real,0,0
1697,397,1612,0,True,True,37,,,,Real,0,0
1698,408,752,0,True,True,4,,,,Real,0,0
1699,390,538,0,True,True,38,,,,Real,2,0
1700,661,471,0,True,True,8,,,,Real,2,0
1701,1591,4960,212,True,False,46,22.6666666666666,12.0,2.0,Real,0,2
1702,1339,738,175,True,True,361,,,,Real,0,0
1703,15690,3645,205,True,False,1242,97.3,20.0,12.0,Real,0,0
1704,383,438,0,True,True,0,,,,Real,2,0
1705,11802,4461,72,True,True,1069,,,,Real,0,2
1706,6314,3352,222,True,False,261,43.0,12.0,0.0,Real,0,2
1707,776,960,25,True,True,45,,,,Real,2,0
1708,434,240,40,True,True,5,,,,Real,0,0
1709,208,238,31,False,True,9,,,,Real,0,0
1710,402,418,0,True,True,16,,,,Real,0,0
1711,545,644,79,True,True,50,,,,Real,0,0
1712,250,232,50,True,True,0,,,,Real,0,0
1713,22944,6366,231,True,False,1082,50.5384615384615,13.0,12.0,Real,0,0
1714,159,249,36,True,True,0,,,,Real,2,0
1715,10000,561,390,True,True,134,,,,Real,0,0
1716,1049,884,0,True,True,11,,,,Real,2,0
1717,955,812,0,True,False,4,66.5,4.0,1.0,Real,0,0
1718,2511,5276,141,True,False,27,59.9047619047619,21.0,1.0,Real,0,1
1719,399,419,0,True,True,0,,,,Real,0,0
1720,288,372,0,True,True,21,,,,Real,3,0
1721,266,288,82,True,True,64,,,,Real,0,1
1722,11151,3517,223,True,False,1083,42.75,24.0,12.0,Real,0,0
1723,184,229,0,True,True,80,,,,Real,0,0
1724,397,423,0,False,True,51,,,,Real,0,0
1725,393,2239,0,True,True,41,,,,Real,0,0
1726,588,585,30,True,True,70,,,,Real,2,0
1727,1847,7364,268,True,False,209,21.8333333333333,24.0,2.0,Real,0,0
1728,278,481,117,True,True,44,,,,Real,0,2
1729,428,527,0,True,True,75,,,,Real,0,0
1730,6357,6364,230,True,True,133,,,,Real,0,0
1731,519,505,12,True,True,1,,,,Real,0,2
1732,628,1145,156,True,False,48,24.5,12.0,0.0,Real,0,0
1733,491,565,8,True,True,45,,,,Real,3,0
1734,479,558,0,True,True,53,,,,Real,2,0
1735,282,340,0,True,True,0,,,,Real,0,0
1736,422,950,0,True,True,9,,,,Real,2,0
1737,285,354,40,True,True,119,,,,Real,0,1
1738,7170,2895,197,True,False,142,54.095238095238,21.0,0.0,Real,0,0
1739,2142,976,46,True,False,21,144.0,13.0,0.0,Real,6,0
1740,635,549,65,True,True,36,,,,Real,0,0
1741,740,720,2,True,True,24,,,,Real,2,0
1742,1576,734,5,True,True,21,,,,Real,2,0
1743,245,292,0,True,True,3,,,,Real,0,0
1744,1426,978,33,True,False,125,315.75,12.0,1.0,Real,0,0
1745,904,1008,30,True,True,60,,,,Real,0,0
1746,128,452,0,True,True,14,,,,Real,0,0
1747,963,1016,0,True,True,73,,,,Real,0,0
1748,391,941,21,True,False,18,49.6666666666666,12.0,0.0,Real,2,2
1749,416,547,116,True,True,4,,,,Real,0,0
1750,391,490,0,True,True,21,,,,Real,0,0
1751,13611,7500,220,True,False,6649,30.5833333333333,12.0,12.0,Real,2,0
1752,206,229,0,True,True,50,,,,Real,0,0
1753,456,441,0,True,True,27,,,,Real,2,0
1754,312,214,0,True,True,1,,,,Real,0,0
1755,562,909,119,True,True,97,,,,Real,2,0
1756,994,1137,41,True,True,219,,,,Real,0,0
1757,516,493,0,True,True,7,,,,Real,0,0
1758,1561,1891,318,True,False,73,44.25,12.0,1.0,Real,0,0
1759,732,989,0,True,True,15,,,,Real,0,0
1760,4344,4741,123,True,False,4125,16.25,12.0,2.0,Real,0,0
1761,76,371,0,True,True,25,,,,Real,0,1
1762,379,381,12,True,True,22,,,,Real,2,0
1763,2279,2170,0,True,True,85,,,,Real,0,0
1764,504,806,0,True,True,69,,,,Real,2,0
1765,17385,3762,49,True,False,285,6.0,12.0,12.0,Real,2,0
1766,213,240,180,True,False,45,11.3333333333333,12.0,0.0,Real,0,0
1767,413,288,0,True,True,25,,,,Real,0,0
1768,464,614,94,True,True,40,,,,Real,0,0
1769,6032,681,276,True,False,74,64.1052631578947,19.0,0.0,Real,0,1
1770,165,335,0,True,True,18,,,,Real,0,2
1771,1741,3142,468,True,True,2831,,,,Real,0,0
1772,769,2103,0,True,False,129,12.25,12.0,0.0,Real,2,0
1773,303,319,37,True,True,0,,,,Real,2,0
1774,886,1921,253,True,False,21,48.0833333333333,12.0,0.0,Real,2,0
1775,850,1069,0,True,True,102,,,,Real,0,0
1776,259,286,0,True,True,1,,,,Real,0,0
1777,4255,723,63,True,False,49,460.307692307692,13.0,4.0,Real,0,2
1778,278,920,0,True,False,37,77.7692307692307,13.0,0.0,Real,2,2
1779,52,56,0,True,True,1,,,,Real,0,2
1780,1501,7447,0,True,False,41,4.5,12.0,2.0,Real,2,11
1781,22,36,134,True,True,0,,,,Real,0,0
1782,587,7322,127,True,True,3664,,,,Real,0,2
1783,423,703,35,True,True,296,,,,Real,0,0
1784,653,669,12,True,True,8,,,,Real,0,0
1785,324,333,0,True,True,24,,,,Real,2,0
1786,30208,2128,200,True,False,21,452.0,12.0,3.0,Real,0,0
1787,2898,4846,175,True,False,78,62.375,24.0,0.0,Real,0,0
1788,2940,3034,96,True,False,352,95.75,12.0,0.0,Real,0,0
1789,14,12,0,False,True,0,,,,Real,4,0
1790,167,181,115,True,True,78,,,,Real,0,1
1791,10406,7006,130,True,False,418,50.4166666666666,12.0,1.0,Real,0,0
1792,599,871,124,True,True,52,,,,Real,0,0
1793,51,76,30,True,True,0,,,,Real,2,2
1794,103,143,42,True,True,14,,,,Real,0,0
1795,161,187,24,True,True,7,,,,Real,0,0
1796,513,2431,285,True,False,143,10.1428571428571,14.0,0.0,Real,0,0
1797,58,342,99,True,True,50,,,,Real,0,0
1798,162,152,8,True,False,0,0.0,0.0,0.0,Real,0,0
1799,369,388,45,True,False,2,117.0,2.0,0.0,Real,2,0
1800,872,2515,222,True,False,14,52.0,12.0,0.0,Real,0,0
1801,0,50,20,True,True,0,,,,Real,0,0
1802,1732,1944,237,True,False,280,13.8333333333333,12.0,12.0,Real,0,0
1803,3183,5484,79,True,False,526,38.75,12.0,0.0,Real,0,0
1804,25763,7532,177,True,False,2817,21.375,16.0,0.0,Real,0,0
1805,309,388,25,True,True,0,,,,Real,0,0
1806,642,5580,115,True,False,14,16.8333333333333,12.0,1.0,Real,0,0
1807,9642,762,24,True,False,2,6.5,2.0,0.0,Real,0,0
1808,6,69,24,False,True,0,,,,Real,2,0
1809,94,154,0,True,True,0,,,,Real,0,0
1810,343,357,55,True,True,4,,,,Real,0,0
1811,15,103,0,True,True,1,,,,Real,2,0
1812,210,74,49,True,True,23,,,,Real,0,1
1813,1413,1718,340,True,False,271,20.4166666666666,12.0,0.0,Real,3,0
1814,658,1402,77,True,True,500,,,,Real,2,0
1815,2041,1209,227,True,False,50,58.5833333333333,12.0,0.0,Real,0,2
1816,122,183,71,True,False,1,56.0,1.0,0.0,Real,0,0
1817,280,424,0,True,False,4,76.75,4.0,0.0,Real,0,0
1818,11,14,0,True,False,2,2.5,2.0,0.0,Real,0,0
1819,2215,4756,149,True,True,45,,,,Real,0,0
1820,737,1215,13,True,True,50,,,,Real,0,0
1821,96,224,0,True,True,18,,,,Real,0,0
1822,1352,1644,209,True,False,228,12.9166666666666,12.0,0.0,Real,0,0
1823,174,571,155,True,True,9,,,,Real,0,1
1824,23,120,0,True,True,0,,,,Real,2,0
1825,961,5890,0,True,True,40,,,,Real,0,2
1826,807,3241,0,True,True,34,,,,Real,0,0
1827,6403,886,213,True,False,291,13.625,24.0,3.0,Real,0,0
1828,55,321,174,True,False,19,12.0,12.0,0.0,Real,0,0
