influencer_id,username,post_content,followers_count,likes_count,shares_count,comments_count,view_count,engagement_rate,posts_count,is_verified,Classification,Sentiment,Total_Score
0,hugodecrypte,99% de la population contamin√©e par le poison du si√®cle,3500000,155951,1437,856,4600000.0,1.78,2120,1,1,1,5
1,hugodecrypte,Augmentation des cancers chez les - de 50 ans : voici pourquoi,3500000,82531,922,1025,3600000.0,1.78,2120,1,1,1,5
2,hugodecrypte,"Voici l'IRM le + puissant du monde, cr√©√© par le @cea_officiel et qui permettra de nombreuses d√©couvertes sur le cerveau",3500000,229810,918,773,4600000.0,1.78,2120,1,1,1,5
3,le_gorafi,La chouette de Duolingo condamn√©e √† 2 ans de prison ferme pour harc√®lement,515000,51195,492,399,705000.0,2.48,3185,1,1,1,5
4,demotivateur,Burger King t'offre un Whopper si t'as une calvitie!,758000,34703,738,1412,2900000.0,0.54,7937,1,1,1,5
5,secretmagoff,Elon Musk a annonc√© que le premier humain implant√© avec la puce c√©r√©brale de Neuralink s'est compl√®tement r√©tabli. Le patient est d√©sormais capable de contr√¥ler une souris d'ordinateur par la pens√©e. üåüüñ±Ô∏èüß†üò≥ Votre avis sur cette nouvelle technologie ? ü§î Source : X Spaces #flash #elonmusk #neuralink #neurones #neurons #news #info #secretmag #neuron #neuroscience #technology #technologies #technologie #awesome #puce #musk #future #futur #announced #announcement #incredible #human #humain #world #capacity #brain #cerveau,52100,445,9,6,41300.0,,5117,0,0,2,2
6,le_gorafi,Ob√©sit√©: la comission europ√©enne souhaite diiser par 2 le diam√®tre des crepes bretonnes,515000,10126,158,210,355000.0,2.48,3185,1,1,1,5
7,demotivateur,"Apr√®s une chimio, elle apprend qu'elle n'a pas de cancer",758000,4703,39,141,203000.0,0.54,7937,1,1,1,5
8,demotivateur,Cette petite fran√ßaise a une maladie que seuls 6 autres enfants ont sur Terre...,758000,7665,31,130,369000.0,0.54,7937,1,1,2,6
9,konbini,"Qui poura b√©n√©ficier de l'aide √† mourir? Ce mercredi, un projet de loi sur la fi de vie est pr√©sent√© en Conseil des ministres et il mentionne les conditions pour y recourir. On vous explique",2700000,3938,63,38,240000.0,0.31,17900,1,0,1,1
10,konbini,"Les polluants √©ternels, c'est la plus grande crise de pollution √† laquelle l‚Äôhumanit√© ait eu √† faire face dans son histoire @camilleetienne_, activiste √©cologiste, revient sur la pr√©sence de substances dangereuses dans nos produits du quotidien (alimentation maquillage etc.) : les polluants √©ternels ou PFAS. Ces mol√©cules chimiques dites ‚Äúindestructibles‚Äù apparaissent dans la composition de nombreux produits et sont nocives pour la sant√© et la plan√®te. Le documentaire de Camille Etienne ‚ÄúPFAS : comment les industriels nous empoisonnent‚Äù est disponible sur YouTube.",2700000,84735,5450,948,2600000.0,0.31,17900,1,1,1,5
11,hugodecrypte,La carte vitale et la carte d'identit√© fusionn√©es?,3500000,59728,164,1208,2800000.0,1.78,2120,1,1,1,5
12,epicurieux,Allergie ou intol√©rance au gluten?,614000,2399,55,45,109000.0,0.31,1590,1,0,1,1
13,konbini,"Charlotte Chopin est centenaire et elle pratique le yoga depuis plus de quarante ans. On l'avait rencontr√© il y a 2 ans, elle donnait alors 3 cours par semaine √† des √©l√®ves de tous les √¢ges, et nous a expliqu√© comment le yoga l‚Äôaide √† se sentir bien dans son corps et dans sa t√™te.",2700000,44645,926,262,1200000.0,,17900,1,1,1,5
14,rtl_france,Sant√© : consommer certains √©mulsifiants augmente-t-il le risque de devenir diab√©tique ? Chronique sant√© du Dr. Jimmy Mohamed dans #RTLMatin L‚Äôint√©gralit√© √† r√©√©couter sur rtl.fr et l‚Äôapplication RTL ! #JimmyMohamed #docteur #diab√®te #√©mulsifiant #sant√©,369000,117,3,0,297000.0,,11800,0,1,2,6
15,dr.jimmy.mohamed,Le je√ªne intermittent est-il vraiment dangereux pour la sant√© ?,1300000,16656,231,520,880000.0,0.0205,682,0,1,1,5
16,demotivateur,Embrasser c'est bon pour la sant√© !,758000,26003,302,163,632000.0,0.54,7937,1,1,1,5
17,hugodecrypte,L‚Äôinscription de la libert√© d‚Äôavorter dans la Constitution adopt√©e par le Parlement.,3500000,134619,2132,2919,2800000.0,1.78,2120,1,1,1,5
18,hugodecrypte,Un humain a controll√© une souris d'ordinateur par la pens√©e. Le nouveau projet d‚ÄôElon Musk ‚¨ÜÔ∏è,3500000,66055,584,269,4600000.0,1.78,2120,1,1,1,5
19,le_gorafi,"Les enfants qui meurent de faim remercient Jules, 6 ans, d'avoir fini sa pur√©e",515000,40485,289,706,632000.0,2.48,3185,1,1,1,5
20,khaledbeydoun,"Yet unarmed protestors on America campuses are the terrorists.""",2300000,26000,185,400,,3.27,2435,1,1,1,5
21,hugodecrypte,Les annonces de G. Attal sur la sant√© mentale des jeunes,3500000,67693,553,807,2400000.0,1.78,2120,1,1,1,5
22,hugodecrypte,Le pr√©sident am√©ricain Joe Biden a eu 81 ans en novembre dernier,3500000,68891,118,673,3000000.0,1.78,2120,1,1,1,5
23,hugodecrypte,Voici pourquoi l‚Äôob√©sit√© augmente dans le monde,3500000,55702,459,877,2400000.0,1.78,2120,1,1,1,5
24,hugodecrypte,Kate Middleton est √¢g√©e de 42 ans atteinte de cancer,3500000,89208,186,413,2900000.0,1.78,2120,1,1,1,5
25,hugodecrypte,L‚ÄôOMS a appel√© la population √† remettre le masque,3500000,65158,468,573,3300000.0,1.78,2120,1,1,1,5
26,hugodecrypte,Pourquoi tout le monde a le nez bouch√© en ce moment ? De plus en plus de personnes sont allergiques au pollen en France,3500000,147442,2006,1769,3000000.0,1.78,2120,1,1,1,5
27,hugodecrypte,Des Pastabox contamin√©es ? Des Pastabox retir√©s des supermarch√©s pour risque de List√©ria,3500000,84611,855,1194,2400000.0,1.78,2120,1,1,1,5
28,hugodecrypte,L‚Äôeau potable en France contamin√©e par un pesticide ?,3500000,99823,1410,908,2100000.0,1.78,2120,1,1,1,5
29,hugodecrypte,Ces produits augmenteraient le risque de cancer: √©mulsifiants,3500000,85621,1039,691,3900000.0,1.78,2120,1,1,1,5
30,hugodecrypte,Ces m√©dicaments pourraient etre dangereux pour la sant√©,3500000,76246,1653,701,3800000.0,1.78,2120,1,1,1,5
31,hugodecrypte,"Cerfs zombie, cette maladie interroges les scientifiques",3500000,179344,1029,1559,5500000.0,1.78,2120,1,1,1,5
32,demotivateur,"Selon la science, faire de longues √©tudes diminue le risque de d√©c√®s!",758000,2206,29,52,,0.54,7937,1,0,1,1
33,demotivateur,Voil√† les 5 aliments qui acc√©l√®rent le vieillissement du corps!,758000,13649,413,263,,0.54,7937,1,1,1,5
34,demotivateur,Il se fait vacciner 217 fois contre le Covid!,758000,3521,32,212,,0.54,7937,1,1,2,6
35,hugodecrypte,"Ce produit contre contre la gueule de bois poserait probl√®me ‚ö†Ô∏è, ce produit ne serait pas efficace ‚¨ÜÔ∏è",3500000,70396,132,575,,0.54,2120,1,1,1,5
36,brutofficiel,Pourquoi certains s'endorment avec un podcast sur une histoire criminelle dans les oreilles?‚Å£ C'est une tendance qu'on voit sur les r√©seaux. Flippant ou indispensable ? On a voulu comprendre concr√®tement quels effets √ßa a sur notre sommeil et pourquoi certains ne peuvent pas s'en passer.,4000000,33004,257,676,,,11900,1,1,1,5
