influencer_id,post_content,username,followers_count,likes_count,shares_count,comments_count,view_count,engagement_rate,posts_count,is_verified,total
0,99% de la population contamin√©e par le poison du si√®cle,hugodecrypte,3500000,155951,1437,856,4600000.0,1.78,2120,1,2
1,Augmentation des cancers chez les - de 50 ans : voici pourquoi,hugodecrypte,3500000,82531,922,1025,3600000.0,1.78,2120,1,2
2,"Voici l'IRM le + puissant du monde, cr√©√© par le @cea_officiel et qui permettra de nombreuses d√©couvertes sur le cerveau",hugodecrypte,3500000,229810,918,773,4600000.0,1.78,2120,1,2
3,La chouette de Duolingo condamn√©e √† 2 ans de prison ferme pour harc√®lement,le_gorafi,515000,51195,492,399,705000.0,2.48,3185,1,0
4,Burger King t'offre un Whopper si t'as une calvitie!,demotivateur,758000,34703,738,1412,2900000.0,0.54,7937,1,1
5,Elon Musk a annonc√© que le premier humain implant√© avec la puce c√©r√©brale de Neuralink s'est compl√®tement r√©tabli. Le patient est d√©sormais capable de contr√¥ler une souris d'ordinateur par la pens√©e. üåüüñ±Ô∏èüß†üò≥ Votre avis sur cette nouvelle technologie ? ü§î Source : X Spaces #flash #elonmusk #neuralink #neurones #neurons #news #info #secretmag #neuron #neuroscience #technology #technologies #technologie #awesome #puce #musk #future #futur #announced #announcement #incredible #human #humain #world #capacity #brain #cerveau,secretmagoff,52100,445,9,6,41300.0,,5117,0,1
6,Ob√©sit√©: la comission europ√©enne souhaite diiser par 2 le diam√®tre des crepes bretonnes,le_gorafi,515000,10126,158,210,355000.0,2.48,3185,1,1
7,"Apr√®s une chimio, elle apprend qu'elle n'a pas de cancer",demotivateur,758000,4703,39,141,203000.0,0.54,7937,1,1
8,Cette petite fran√ßaise a une maladie que seuls 6 autres enfants ont sur Terre...,demotivateur,758000,7665,31,130,369000.0,0.54,7937,1,1
9,"Qui poura b√©n√©ficier de l'aide √† mourir? Ce mercredi, un projet de loi sur la fi de vie est pr√©sent√© en Conseil des ministres et il mentionne les conditions pour y recourir. On vous explique",konbini,2700000,3938,63,38,240000.0,0.31,17900,1,2
10,"Les polluants √©ternels, c'est la plus grande crise de pollution √† laquelle l‚Äôhumanit√© ait eu √† faire face dans son histoire @camilleetienne_, activiste √©cologiste, revient sur la pr√©sence de substances dangereuses dans nos produits du quotidien (alimentation maquillage etc.) : les polluants √©ternels ou PFAS. Ces mol√©cules chimiques dites ‚Äúindestructibles‚Äù apparaissent dans la composition de nombreux produits et sont nocives pour la sant√© et la plan√®te. Le documentaire de Camille Etienne ‚ÄúPFAS : comment les industriels nous empoisonnent‚Äù est disponible sur YouTube.",konbini,2700000,84735,5450,948,2600000.0,0.31,17900,1,2
11,La carte vitale et la carte d'identit√© fusionn√©es?,hugodecrypte,3500000,59728,164,1208,2800000.0,1.78,2120,1,2
12,Allergie ou intol√©rance au gluten?,epicurieux,614000,2399,55,45,109000.0,0.31,1590,1,2
13,"Charlotte Chopin est centenaire et elle pratique le yoga depuis plus de quarante ans. On l'avait rencontr√© il y a 2 ans, elle donnait alors 3 cours par semaine √† des √©l√®ves de tous les √¢ges, et nous a expliqu√© comment le yoga l‚Äôaide √† se sentir bien dans son corps et dans sa t√™te.",konbini,2700000,44645,926,262,1200000.0,,17900,1,2
14,Sant√© : consommer certains √©mulsifiants augmente-t-il le risque de devenir diab√©tique ? Chronique sant√© du Dr. Jimmy Mohamed dans #RTLMatin L‚Äôint√©gralit√© √† r√©√©couter sur rtl.fr et l‚Äôapplication RTL ! #JimmyMohamed #docteur #diab√®te #√©mulsifiant #sant√©,rtl_france,369000,117,3,0,297000.0,,11800,0,2
15,Le je√ªne intermittent est-il vraiment dangereux pour la sant√© ?,dr.jimmy.mohamed,1300000,16656,231,520,880000.0,0.0205,682,0,0
16,Embrasser c'est bon pour la sant√© !,demotivateur,758000,26003,302,163,632000.0,0.54,7937,1,0
17,L‚Äôinscription de la libert√© d‚Äôavorter dans la Constitution adopt√©e par le Parlement.,hugodecrypte,3500000,134619,2132,2919,2800000.0,1.78,2120,1,2
18,Un humain a controll√© une souris d'ordinateur par la pens√©e. Le nouveau projet d‚ÄôElon Musk ‚¨ÜÔ∏è,hugodecrypte,3500000,66055,584,269,4600000.0,1.78,2120,1,1
19,"Les enfants qui meurent de faim remercient Jules, 6 ans, d'avoir fini sa pur√©e",le_gorafi,515000,40485,289,706,632000.0,2.48,3185,1,0
20,"Yet unarmed protestors on America campuses are the terrorists.""",khaledbeydoun,2300000,26000,185,400,,3.27,2435,1,2
21,Les annonces de G. Attal sur la sant√© mentale des jeunes,hugodecrypte,3500000,67693,553,807,2400000.0,1.78,2120,1,1
22,Le pr√©sident am√©ricain Joe Biden a eu 81 ans en novembre dernier,hugodecrypte,3500000,68891,118,673,3000000.0,1.78,2120,1,2
23,Voici pourquoi l‚Äôob√©sit√© augmente dans le monde,hugodecrypte,3500000,55702,459,877,2400000.0,1.78,2120,1,1
24,Kate Middleton est √¢g√©e de 42 ans atteinte de cancer,hugodecrypte,3500000,89208,186,413,2900000.0,1.78,2120,1,2
25,L‚ÄôOMS a appel√© la population √† remettre le masque,hugodecrypte,3500000,65158,468,573,3300000.0,1.78,2120,1,1
26,Pourquoi tout le monde a le nez bouch√© en ce moment ? De plus en plus de personnes sont allergiques au pollen en France,hugodecrypte,3500000,147442,2006,1769,3000000.0,1.78,2120,1,2
27,Des Pastabox contamin√©es ? Des Pastabox retir√©s des supermarch√©s pour risque de List√©ria,hugodecrypte,3500000,84611,855,1194,2400000.0,1.78,2120,1,2
28,L‚Äôeau potable en France contamin√©e par un pesticide ?,hugodecrypte,3500000,99823,1410,908,2100000.0,1.78,2120,1,2
29,Ces produits augmenteraient le risque de cancer: √©mulsifiants,hugodecrypte,3500000,85621,1039,691,3900000.0,1.78,2120,1,2
30,Ces m√©dicaments pourraient etre dangereux pour la sant√©,hugodecrypte,3500000,76246,1653,701,3800000.0,1.78,2120,1,2
31,"Cerfs zombie, cette maladie interroges les scientifiques",hugodecrypte,3500000,179344,1029,1559,5500000.0,1.78,2120,1,2
