ID,Channel Name,Country,Url,Main topic,Main video category,Likes,Favorites_count,Posts,Followers,Boost Index,'Replies count',Views Avg.,Avg. 1 Day,Avg. 3 Day,Avg. 7 Day,Avg. 14 Day,Avg. 30 Day,Engagement Rate,Engagement Rate (60 Days),Post content,Hyperlinks_exist,Media_exists,Hashtags list,@ list,created_at,Compound,Subjectivity,Favorite_count,Retweet_count,Replies count,like_list,Followers_list,Followers,View_count
0,hugodecrypte,FR,https://www.instagram.com/hugodecrypte,,,,,2120,3500000,,,,,,,,,1.78,,"99% de la population contamin√©e par le poison du si√®cle",0,1,,,2024-04-03 17:00:00+00:00,,,155951,1437,856,"user1,user2,user3,user4","user1,user2,user3,user4,user5,user6,user7,user8,user9,user10,user11,user12,user13,user14,user15,user16",900,4600000
1,hugodecrypte,FR,https://www.instagram.com/hugodecrypte,,,,,2120,3500000,,,,,,,,,1.78,,"Augmentation des cancers chez les - de 50 ans : voici pourquoi",0,1,,,2024-04-03 17:00:00+00:00,,,82531,922,1025,"user4","user1,user2,user3,user4,user5,user6,user7,user8,user9,user10,user11,user12,user13,user14,user15,user16",900,3600000
2,hugodecrypte,FR,https://www.instagram.com/hugodecrypte,,,,,2120,3500000,,,,,,,,,1.78,,"Voici l'IRM le + puissant du monde, cr√©√© par le @cea_officiel et qui permettra de nombreuses d√©couvertes sur le cerveau",0,1,,1,2024-04-02 17:00:00+00:00,,,229810,918,773,"user3,user5,user6,user7,user8,user9,user10,user11,user12,user13,user14","user1,user2,user3,user4,user5,user6,user7,user8,user9,user10,user11,user12,user13,user14,user15,user16",900,4600000
3,le_gorafi,FR,https://www.instagram.com/le_gorafi,,,,,3185,515000,,,,,,,,,2.48,,"La chouette de Duolingo condamn√©e √† 2 ans de prison ferme pour harc√®lement",0,1,,,2024-04-03 14:00:00+00:00,,,51195,492,399,"user1","user1,user6,user13,user15,user17,user18",0,705000
4,demotivateur,FR,https://www.instagram.com/demotivateur,,,,,7937,758000,,,,,,,,,0.54,,"Burger King t'offre un Whopper si t'as une calvitie!",0,1,,,2024-04-02 14:00:00+00:00,,,34703,738,1412,"user14","user18",6,2900000
5,secretmagoff,FR,https://www.instagram.com/secretmagoff,,,,,5117,52100,,,,,,,,,,,"Elon Musk a annonc√© que le premier humain implant√© avec la puce c√©r√©brale de Neuralink s'est compl√®tement r√©tabli. Le patient est d√©sormais capable de contr√¥ler une souris d'ordinateur par la pens√©e. üåüüñ±Ô∏èüß†üò≥ Votre avis sur cette nouvelle technologie ? ü§î Source : X Spaces #flash #elonmusk #neuralink #neurones #neurons #news #info #secretmag #neuron #neuroscience #technology #technologies #technologie #awesome #puce #musk #future #futur #announced #announcement #incredible #human #humain #world #capacity #brain #cerveau",0,0,,,2024-02-21 14:00:00+00:00,,,445,9,6,"user14","user14",46,41300
6,le_gorafi,FR,https://www.instagram.com/le_gorafi,,,,,3185,515000,,,,,,,,,2.48,,"Ob√©sit√©: la comission europ√©enne souhaite diiser par 2 le diam√®tre des crepes bretonnes",0,1,,,2024-02-01 14:00:00+00:00,,,10126,158,210,"user1","user1,user6,user13,user15,user17,user18",0,355000
7,demotivateur,FR,https://www.instagram.com/demotivateur,,,,,7937,758000,,,,,,,,,0.54,,"Apr√®s une chimio, elle apprend qu'elle n'a pas de cancer",0,1,,,2024-04-12 14:00:00+00:00,,,4703,39,141,,"user18",6,203000
8,demotivateur,FR,https://www.instagram.com/demotivateur,,,,,7937,758000,,,,,,,,,0.54,,"Cette petite fran√ßaise a une maladie que seuls 6 autres enfants ont sur Terre...",0,1,,,2024-04-9 14:00:00+00:00,,,7665,31,130,,"user18",6,369000
9,konbini,FR,https://www.instagram.com/konbini,,,,,17900,2700000,,,,,,,,,0.31,,"Qui poura b√©n√©ficier de l'aide √† mourir? Ce mercredi, un projet de loi sur la fi de vie est pr√©sent√© en Conseil des ministres et il mentionne les conditions pour y recourir. On vous explique",0,1,,,2024-04-10 19:30:00+00:00,,,3938,63,38,,"user1,user13,user14,user18,user19",194,240000
10,konbini,FR,https://www.instagram.com/konbini,,,,,17900,2700000,,,,,,,,,0.31,,"Les polluants √©ternels, c'est la plus grande crise de pollution √† laquelle l‚Äôhumanit√© ait eu √† faire face dans son histoire @camilleetienne_, activiste √©cologiste, revient sur la pr√©sence de substances dangereuses dans nos produits du quotidien (alimentation maquillage etc.) : les polluants √©ternels ou PFAS. Ces mol√©cules chimiques dites ‚Äúindestructibles‚Äù apparaissent dans la composition de nombreux produits et sont nocives pour la sant√© et la plan√®te. Le documentaire de Camille Etienne ‚ÄúPFAS : comment les industriels nous empoisonnent‚Äù est disponible sur YouTube.",0,1,,,2024-04-03 19:30:00+00:00,,,84735,5450,948,"user20,user21,user13,user4,user22","user1,user13,user14,user18,user19",194,2600000
11,hugodecrypte,FR,https://www.instagram.com/hugodecrypte,,,,,2120,3500000,,,,,,,,,1.78,,"La carte vitale et la carte d'identit√© fusionn√©es?",0,1,,,2024-03-21 17:00:00+00:00,,,59728,164,1208,"user13,user23,user24","user1,user2,user3,user4,user5,user6,user7,user8,user9,user10,user11,user12,user13,user14,user15,user16,user23,user24",900,2800000
12,epicurieux,FR,https://www.instagram.com/epicurieux,,,,,1590,614000,,,,,,,,,0.31,,"Allergie ou intol√©rance au gluten?",0,1,,,2024-04-22 16:00:00+00:00,,,2399,55,45,"user25","user3,user25,user26,user27,user28,user29,user30",55,109000
13,konbini,FR,https://www.instagram.com/konbini,,,,,17900,2700000,,,,,,,,,,,"Charlotte Chopin est centenaire et elle pratique le yoga depuis plus de quarante ans. On l'avait rencontr√© il y a 2 ans, elle donnait alors 3 cours par semaine √† des √©l√®ves de tous les √¢ges, et nous a expliqu√© comment le yoga l‚Äôaide √† se sentir bien dans son corps et dans sa t√™te.",0,1,,,2024-04-03 19:30:00+00:00,,,44645,926,262,"user20,user21,user13,user4,user22","user1,user13,user14,user18,user19",194,1200000
14,rtl_france,FR,https://www.instagram.com/rtl_france,,,,,11800,369000,,,,,,,,,,,"Sant√© : consommer certains √©mulsifiants augmente-t-il le risque de devenir diab√©tique ? Chronique sant√© du Dr. Jimmy Mohamed dans #RTLMatin L‚Äôint√©gralit√© √† r√©√©couter sur rtl.fr et l‚Äôapplication RTL ! #JimmyMohamed #docteur #diab√®te #√©mulsifiant #sant√©",0,0,#RTLMatin #JimmyMohamed #docteur #diab√®te #√©mulsifiant #sant√©,,2024-04-25 16:40:00+00:00,,,117,3,0,,"user25",320,297000
15,dr.jimmy.mohamed,FR,https://www.instagram.com/dr.jimmy.mohamed,,,,,682,1300000,,,,,,,,,0.0205,,"Le je√ªne intermittent est-il vraiment dangereux pour la sant√© ?",0,0,,,2024-04-14 16:40:00+00:00,,,16656,231,520,,"user32,user33,user34",236,880000
16,demotivateur,FR,https://www.instagram.com/demotivateur,,,,,7937,758000,,,,,,,,,0.54,,"Embrasser c'est bon pour la sant√© !",0,1,,,2024-04-07 14:00:00+00:00,,,26003,302,163,"user35,user36","user18,user24",6,632000
17,hugodecrypte,FR,https://www.instagram.com/hugodecrypte,,,,,2120,3500000,,,,,,,,,1.78,,"L‚Äôinscription de la libert√© d‚Äôavorter dans la Constitution adopt√©e par le Parlement.",0,1,,,2024-03-04 17:00:00+00:00,,,134619,2132,2919,"user1,user13,user37,user38,user39","user1,user2,user3,user4,user5,user6,user7,user8,user9,user10,user11,user12,user13,user14,user15,user16,user23,user24",900,2800000
18,hugodecrypte,FR,https://www.instagram.com/hugodecrypte,,,,,2120,3500000,,,,,,,,,1.78,,"Un humain a controll√© une souris d'ordinateur par la pens√©e. Le nouveau projet d‚ÄôElon Musk ‚¨ÜÔ∏è",0,1,,,2024-02-12 17:00:00+00:00,,,66055,584,269,,"user1,user2,user3,user4,user5,user6,user7,user8,user9,user10,user11,user12,user13,user14,user15,user16,user23,user24,user37,user38",900,4600000
19,le_gorafi,FR,https://www.instagram.com/le_gorafi,,,,,3185,515000,,,,,,,,,2.48,,"Les enfants qui meurent de faim remercient Jules, 6 ans, d'avoir fini sa pur√©e",0,1,,,2024-03-26 14:00:00+00:00,,,40485,289,706,"user39","user1,user6,user13,user15,user17,user18,user3",0,632000
20,khaledbeydoun,PS,https://www.instagram.com/khaledbeydoun,,,,,2435,2300000,,,,,,,,,3.27,,"Yet unarmed protestors on America campuses are the "terrorists.",0,1,,,2024-04-26 18:00:00+00:00,,,26000,185,400,,"user41,user42",2437,
21,hugodecrypte,FR,https://www.instagram.com/hugodecrypte,,,,,2120,3500000,,,,,,,,,1.78,,"Les annonces de G. Attal sur la sant√© mentale des jeunes",0,1,,,2024-04-03 17:00:00+00:00,,,67693,553,807,"user3,user13","user1,user2,user3,user4,user5,user6,user7,user8,user9,user10,user11,user12,user13,user14,user15,user16",900,2400000
22,hugodecrypte,FR,https://www.instagram.com/hugodecrypte,,,,,2120,3500000,,,,,,,,,1.78,,"Le pr√©sident am√©ricain Joe Biden a eu 81 ans en novembre dernier",0,1,,,2024-04-03 17:00:00+00:00,,,68891,118,673,"user6,user49","user1,user2,user3,user4,user5,user6,user7,user8,user9,user10,user11,user12,user13,user14,user15,user16",900,3000000
23,hugodecrypte,FR,https://www.instagram.com/hugodecrypte,,,,,2120,3500000,,,,,,,,,1.78,,"Voici pourquoi l‚Äôob√©sit√© augmente dans le monde",0,1,,,2024-04-03 17:00:00+00:00,,,55702,459,877,"user13","user1,user2,user3,user4,user5,user6,user7,user8,user9,user10,user11,user12,user13,user14,user15,user16",900,2400000
24,hugodecrypte,FR,https://www.instagram.com/hugodecrypte,,,,,2120,3500000,,,,,,,,,1.78,,"Kate Middleton est √¢g√©e de 42 ans atteinte de cancer",0,1,,,2024-04-03 17:00:00+00:00,,,89208,186,413,"user6,user23,user13,user1","user1,user2,user3,user4,user5,user6,user7,user8,user9,user10,user11,user12,user13,user14,user15,user16",900,2900000
25,hugodecrypte,FR,https://www.instagram.com/hugodecrypte,,,,,2120,3500000,,,,,,,,,1.78,,"L‚ÄôOMS a appel√© la population √† remettre le masque",0,1,,,2024-04-03 17:00:00+00:00,,,65158,468,573,"user10,user13,user4","user1,user2,user3,user4,user5,user6,user7,user8,user9,user10,user11,user12,user13,user14,user15,user16",900,3300000
26,hugodecrypte,FR,https://www.instagram.com/hugodecrypte,,,,,2120,3500000,,,,,,,,,1.78,,"Pourquoi tout le monde a le nez bouch√© en ce moment ? De plus en plus de personnes sont allergiques au pollen en France",0,1,,,2024-04-03 17:00:00+00:00,,,147442,2006,1769,"user6,user39,user10,user3,user45,user23,user47","user1,user2,user3,user4,user5,user6,user7,user8,user9,user10,user11,user12,user13,user14,user15,user16",900,3000000
27,hugodecrypte,FR,https://www.instagram.com/hugodecrypte,,,,,2120,3500000,,,,,,,,,1.78,,"Des Pastabox contamin√©es ? Des Pastabox retir√©s des supermarch√©s pour risque de List√©ria",0,1,,,2024-04-03 17:00:00+00:00,,,84611,855,1194,"user3,user45,user14,user46","user1,user2,user3,user4,user5,user6,user7,user8,user9,user10,user11,user12,user13,user14,user15,user16",900,2400000
28,hugodecrypte,FR,https://www.instagram.com/hugodecrypte,,,,,2120,3500000,,,,,,,,,1.78,,"L‚Äôeau potable en France contamin√©e par un pesticide ?",0,1,,,2024-04-03 17:00:00+00:00,,,99823,1410,908,"user5,user3","user1,user2,user3,user4,user5,user6,user7,user8,user9,user10,user11,user12,user13,user14,user15,user16",900,2100000
29,hugodecrypte,FR,https://www.instagram.com/hugodecrypte,,,,,2120,3500000,,,,,,,,,1.78,,"Ces produits augmenteraient le risque de cancer: √©mulsifiants",0,1,,,2024-04-03 17:00:00+00:00,,,85621,1039,691,"user1,user23,","user1,user2,user3,user4,user5,user6,user7,user8,user9,user10,user11,user12,user13,user14,user15,user16",900,3900000
30,hugodecrypte,FR,https://www.instagram.com/hugodecrypte,,,,,2120,3500000,,,,,,,,,1.78,,"Ces m√©dicaments pourraient etre dangereux pour la sant√©",0,1,,,2024-04-03 17:00:00+00:00,,,76246,1653,701,"user3,user13","user1,user2,user3,user4,user5,user6,user7,user8,user9,user10,user11,user12,user13,user14,user15,user16",900,3800000
31,hugodecrypte,FR,https://www.instagram.com/hugodecrypte,,,,,2120,3500000,,,,,,,,,1.78,,"Cerfs zombie, cette maladie interroges les scientifiques",0,1,,,2024-04-03 17:00:00+00:00,,,179344,1029,1559,"user3,user45,user23,user13,user4","user1,user2,user3,user4,user5,user6,user7,user8,user9,user10,user11,user12,user13,user14,user15,user16",900,5500000
32,demotivateur,FR,https://www.instagram.com/demotivateur,,,,,7937,758000,,,,,,,,,0.54,,"Selon la science, faire de longues √©tudes diminue le risque de d√©c√®s!",0,1,,,2024-01-26 14:00:00+00:00,,,2206,29,52,"user25","user18,user24,user44,user45,user46"
33,demotivateur,FR,https://www.instagram.com/demotivateur,,,,,7937,758000,,,,,,,,,0.54,,"Voil√† les 5 aliments qui acc√©l√®rent le vieillissement du corps!",0,1,,,2024-02-11 14:00:00+00:00,,,13649,413,263,"user25","user18,user24,user44,user45,user46"
34,demotivateur,FR,https://www.instagram.com/demotivateur,,,,,7937,758000,,,,,,,,,0.54,,"Il se fait vacciner 217 fois contre le Covid!",0,1,,,2024-03-6 14:00:00+00:00,,,3521,32,212,"user25","user18,user24,user44,user45,user46"
35,hugodecrypte,FR,https://www.instagram.com/hugodecrypte,,,,,2120,3500000,,,,,,,,,0.54,,"Ce produit contre contre la gueule de bois poserait probl√®me ‚ö†Ô∏è, ce produit ne serait pas efficace ‚¨ÜÔ∏è",0,1,,,2024-02-12 17:00:00+00:00,,,70396,132,575,"user1,user25,user47","user1,user2,user3,user4,user5,user6,user7,user8,user9,user10,user11,user12,user13,user14,user15,user16,user23,user24,user37,user38,user44,user45,user47"
36,brutofficiel,FR,https://www.instagram.com/brutofficiel,,,,,11900,4000000,,,,,,,,,,,"Pourquoi certains s'endorment avec un podcast sur une histoire criminelle dans les oreilles?‚Å£ C'est une tendance qu'on voit sur les r√©seaux. Flippant ou indispensable ? On a voulu comprendre concr√®tement quels effets √ßa a sur notre sommeil et pourquoi certains ne peuvent pas s'en passer.",0,1,,,2024-04-07 17:00:00+00:00,,,33004,257,676,"user25,user49,user40","user8,user11,user15,user18,user24,user29,user30,user31,user32,user34,user44,user48,user49,user50"
39,le_gorafi,FR,https://www.instagram.com/le_gorafi,,,,,3185,515000,,,,,,,,,2.48,,"Il meurt de vieillesse en tentant de fermer tous les onglets ouverts par ses parents",0,1,,,2024-03-26 14:00:00+00:00,,,26000,209,216,,,0,443000
40,le_gorafi,FR,https://www.instagram.com/le_gorafi,,,,,3185,515000,,,,,,,,,2.48,,"Nutrition-Le corps du Christ obtient la note de 12/100 sur Yuka",0,1,,,2024-03-26 14:00:00+00:00,,,22600,408,321,,,0,402000
41,le_gorafi,FR,https://www.instagram.com/le_gorafi,,,,,3185,515000,,,,,,,,,2.48,,"Ob√©sit√©: La commission europ√©enne souhaite diviser par 2 le diametre des crepes bretonnes",0,1,,,2024-03-26 14:00:00+00:00,,,10100,158,210,,,0,355000
42,le_gorafi,FR,https://www.instagram.com/le_gorafi,,,,,3185,515000,,,,,,,,,2.48,,"Dry January - Les meilleurs drogues pour compenser le manque d'alcool",0,1,,,2024-03-26 14:00:00+00:00,,,8307,208,55,,,0,250000
43,le_gorafi,FR,https://www.instagram.com/le_gorafi,,,,,3185,515000,,,,,,,,,2.48,,"Vague de froid : Selon une √©tude, l'hiver serait la saison la moins chaude de l'ann√©e",0,1,,,2024-03-26 14:00:00+00:00,,,25200,1066,238,,,0,876000
44,le_gorafi,FR,https://www.instagram.com/le_gorafi,,,,,3185,515000,,,,,,,,,2.48,,"Selon une √©tude, le bonheur serait √©troitement corr√©l√© √† l'ajout de fromage fondu sur tout",0,1,,,2024-03-26 14:00:00+00:00,,,78000,3583,1288,,,0,3900000
45,le_gorafi,FR,https://www.instagram.com/le_gorafi,,,,,3185,515000,,,,,,,,,2.48,,"Elle croit dur comme fer √† l'horoscope, l'hom√©opathie et le m√©ritocratie",0,1,,,2024-03-26 14:00:00+00:00,,,7715,161,120,,,0,233000
46,le_gorafi,FR,https://www.instagram.com/le_gorafi,,,,,3185,515000,,,,,,,,,2.48,,"Daltonisme - Il voit les couleurs pour la premi√®re fois et peut enfin devenir raciste",0,1,,,2024-03-26 14:00:00+00:00,,,7715,161,120,,,0,429000
47,le_gorafi,FR,https://www.instagram.com/le_gorafi,,,,,3185,515000,,,,,,,,,2.48,,"Un Fran√ßais va tenter de vivre pendant un an sans se plaindre",0,1,,,2024-03-26 14:00:00+00:00,,,24900,817,334,,,0,528000
48,le_gorafi,FR,https://www.instagram.com/le_gorafi,,,,,3185,515000,,,,,,,,,2.48,,"Chine _ Une femme donne naissance √† 2 magnifiques emply√©s",0,1,,,2024-03-26 14:00:00+00:00,,,4839,58,26,,,0,122000
49,le_gorafi,FR,https://www.instagram.com/le_gorafi,,,,,3185,515000,,,,,,,,,2.48,,"Depuis 10 ans il se fait passer pour un g√©n√©raliste en disant juste, y'a plein de virus qui trainent en ce moment",0,1,,,2024-03-26 14:00:00+00:00,,,14000,200,181,,,0,346000
50,le_gorafi,FR,https://www.instagram.com/le_gorafi,,,,,3185,515000,,,,,,,,,2.48,,"Selon une coach de vie, le secret du bonheur consiste √† demander 150 euros de l'heurer",0,1,,,2024-03-26 14:00:00+00:00,,,4654,79,52,,,0,128000
51,le_gorafi,FR,https://www.instagram.com/le_gorafi,,,,,3185,515000,,,,,,,,,2.48,,"Elle sombre dans la depression apr√®s qu'Yves Rocher oublie de lui souhaiter un joyeux anniversaire",0,1,,,2024-03-26 14:00:00+00:00,,,3765,37,54,,,0,99400
52,le_gorafi,FR,https://www.instagram.com/le_gorafi,,,,,3185,515000,,,,,,,,,2.48,,"Le bon vivant √©tait en fait un alcoolique bourr√© de cholestr√©rol",0,1,,,2024-03-26 14:00:00+00:00,,,7740,144,119,,,0,154000
53,le_gorafi,FR,https://www.instagram.com/le_gorafi,,,,,3185,515000,,,,,,,,,2.48,,"Un dentiste menac√© de mort parce qu'il ne recommande pas Sensodyne",0,1,,,2024-03-26 14:00:00+00:00,,,4070,25,33,,,0,94900
54,konbini,FR,https://www.instagram.com/konbini,,,,,17900,2700000,,,,,,,,,0.31,,"Marie-Lys Bibeyran raconte son combat contre l'usage des pesticides dans le secteur viticole et ses cons√©quences sur la sant√©, apr√®s le d√©c√®s de son fr√®re Denis, victime d'un cancer. Son livre, On vous le dira dans vingt ans, est disponible aux √©ditions BBD.",0,1,,,2024-04-10 19:30:00+00:00,,,1391,22,13,,,194,153000
55,konbini,FR,https://www.instagram.com/konbini,,,,,17900,2700000,,,,,,,,,0.31,,"Les jeunes se parfument √† l'odeur du sang, de la sueur et du latex.",0,1,,,2024-04-10 19:30:00+00:00,,,13873,68,389,,,194,1000000
56,konbini,FR,https://www.instagram.com/konbini,,,,,17900,2700000,,,,,,,,,0.31,,"Un prof qui checke votre temps d‚Äô√©cran ? C‚Äôest ce que fait Erwan, prof d‚ÄôEPS, avec ses √©l√®ves : au-del√† de 4h par jour sur leur t√©l√©phone, ils doivent passer plus de temps au lyc√©e pour faire du sport ou √©tudier. Il nous explique sa m√©thode, les r√©sultats obtenus et la r√©action des √©l√®ves.",0,1,,,2024-04-10 19:30:00+00:00,,,46199,1421,383,,,194,1700000
57,konbini,FR,https://www.instagram.com/konbini,,,,,17900,2700000,,,,,,,,,0.31,,"De la coca√Øne dans les pharmacies‚Ä¶ pour combattre le narcotrafic ?! C‚Äôest l‚Äôid√©e de la maire d‚ÄôAmsterdam : r√©guler le march√© de la drogue dure comme la coca√Øne et la MDMA pour combattre le narcotrafic et ses cons√©quences. On vous explique.",0,1,,,2024-04-10 19:30:00+00:00,,,12326,235,241,,,194,905000
58,konbini,FR,https://www.instagram.com/konbini,,,,,17900,2700000,,,,,,,,,0.31,,"Naomi a eu recours √† des injections √† l‚Äôacide hyaluronique aux l√®vres dans un cabinet clandestin. En cons√©quence : des l√®vres trop grosses, qu‚Äôelle a regrett√©es. Aujourd‚Äôhui, elle a dissous le produit et sensibilise sur la pratique.",0,1,,,2024-04-10 19:30:00+00:00,,,10501,24,222,,,194,1100000
59,konbini,FR,https://www.instagram.com/konbini,,,,,17900,2700000,,,,,,,,,0.31,,"√Ä l‚Äôh√¥pital de p√©diatrie et de r√©√©ducation de Bullion, les enfants et adolescents malades peuvent suivre leur scolarit√© et des activit√©s adapt√©es √† leur pathologie pendant toute la dur√©e de leur hospitalisation.",0,1,,,2024-04-10 19:30:00+00:00,,,13148,225,55,,,194,599000
60,konbini,FR,https://www.instagram.com/konbini,,,,,17900,2700000,,,,,,,,,0.31,,"Dans la derni√®re √©tude du CNL (Centre national du livre), on apprend que le temps d‚Äô√©cran des jeunes est 10 fois plus √©lev√© que le temps de lecture par jour. Du coup, on a demand√© √† des jeunes combien de temps ils passent sur leur t√©l√©phone vs. quand date le dernier livre qu‚Äôils ont lu. Et vous, c‚Äôest quoi le dernier livre que vous avez lu ?",0,1,,,2024-04-10 19:30:00+00:00,,,11736,27,106,,,194,667000
61,konbini,FR,https://www.instagram.com/konbini,,,,,17900,2700000,,,,,,,,,0.31,,"Quel est le risque de trop plaquer ses cheveux ? C‚Äôest quoi une alop√©cie de traction ? SCH va t-il finir chauve ? üëÄ @dermato_drey, dermatologue, r√©pond √† toutes nos questions !",0,1,,,2024-04-10 19:30:00+00:00,,,24300,187,306,,,194,2000000
62,konbini,FR,https://www.instagram.com/konbini,,,,,17900,2700000,,,,,,,,,0.31,,"On va √™tre sanctionn√© si on pose un lapin √† son m√©decin ? üò≥ Le 6 avril, le Premier Ministre Gabriel Attal a annonc√© une s√©rie de mesures pour ‚Äúfaciliter l‚Äôacc√®s des Fran√ßais aux soins‚Äù, en voici quatre exemples ü©∫",0,1,,,2024-04-10 19:30:00+00:00,,,4692,57,449,,,194,443000
63,konbini,FR,https://www.instagram.com/konbini,,,,,17900,2700000,,,,,,,,,0.31,,"Je ressens les √©motions d‚Äôune personne qui a perdu quelqu‚Äôun, mais j‚Äôai une partie de moi qui s‚Äôaccroche √† des petits moments de lucidit√©‚Äù Sarah est proche aidante aupr√®s de sa m√®re atteinte de la maladie d‚ÄôAlzheimer. Elle raconte son quotidien avec le ‚Äúdeuil blanc‚Äù",0,1,,,2024-04-10 19:30:00+00:00,,,21400,270,304,,,194,1100000
64,konbini,FR,https://www.instagram.com/konbini,,,,,17900,2700000,,,,,,,,,0.31,,"Quelles alternatives au sucre choisir ? Les alternatives au sucre blanc de betterave sont-elles vraiment meilleures pour la sant√© ? Elsa Abdoun, journaliste pour @ufcquechoisir, a enqu√™t√© sur les bienfaits mais aussi les fausses promesses derri√®re ces nouveaux produits.",0,1,,,2024-04-10 19:30:00+00:00,,,11438,167,146,,,194,736000
65,konbini,FR,https://www.instagram.com/konbini,,,,,17900,2700000,,,,,,,,,0.31,,"Retour sur le t√©moignage d‚Äô@enoramalagre, √† l‚Äôoccasion de la journ√©e contre l‚Äôendom√©triose. Non, l‚Äôendom√©triose ne disparait pas apr√®s une grossesse. Et oui, elle est toujours difficile √† faire diagnostiquer. √ânora Malagr√© continue de se battre au quotidien contre cette maladie. Il y a quelques ann√©es, elle se confiait pour que ¬´ les choses √©voluent, et vite ¬ª.",0,1,,,2024-04-10 19:30:00+00:00,,,43900,2207,603,,,194,1800000
66,konbini,FR,https://www.instagram.com/konbini,,,,,17900,2700000,,,,,,,,,0.31,,"Laura, porteuse de Trisomie 21, vit en colocation avec ‚ÄúLe Club des 6‚Äù. Un h√©bergement qui facilite l‚Äôautonomie, l‚Äôind√©pendance et l‚Äôinsertion en soci√©t√© des jeunes vivant avec un handicap. Laura nous en avait fait la visite !",0,1,,,2024-04-10 19:30:00+00:00,,,19966,278,139,,,194,638000
67,konbini,FR,https://www.instagram.com/konbini,,,,,17900,2700000,,,,,,,,,0.31,,"@lucie.retail s'est fait amputer des 4 membres suite √† un paludisme s√©v√®re. Elle t√©moigne : "Je n'ai jamais fait quoi que ce soit pour que √ßa arrive".",0,1,,,2024-04-10 19:30:00+00:00,,,47723,741,1068,,,194,1800000
68,konbini,FR,https://www.instagram.com/konbini,,,,,17900,2700000,,,,,,,,,0.31,,"¬´ Les unit√©s de soins palliatifs, ce n‚Äôest pas que des soins, c‚Äôest porter des projets de vie. ¬ª Aller p√™cher une derni√®re fois, se marier dans le service : Pierre est infirmier en soins palliatifs, il nous racontait comment cette unit√© accompagne les derniers jours des patients. Retrouvez le documentaire Vivants sur Public S√©nat samedi 23 mars √† 22h30, puis en replay. La diffusion sera suivie d‚Äôun live Instagram sur le compte @vivants.lefilm en pr√©sence du r√©alisateur Victor Grange et d‚Äôune partie des √©quipes du film.",0,1,,,2024-04-10 19:30:00+00:00,,,11847,366,164,,,194,446000
