ID,Channel Name,Country,Url,Main topic,Main video category,Likes,Favorites_count,Posts,Followers,Boost Index,'Replies count',Views Avg.,Avg. 1 Day,Avg. 3 Day,Avg. 7 Day,Avg. 14 Day,Avg. 30 Day,Engagement Rate,Engagement Rate (60 Days),Post content,Hyperlinks_exist,Media_exists,Hashtags list,@ list,created_at,Compound,Subjectivity,Favorites_count,Retweet_count,Replies count,like_list,Followers_list
0,hugodecrypte,FR,https://www.instagram.com/hugodecrypte,,,,,2120,3500000,,,,,,,,,,,"99% de la population contamin√©e par le poison du si√®cle",0,1,,,2024-04-03 17:00:00+00:00,,,155951,1437,856,"user1,user2,user3,user4","user1,user2,user3,user4,user5,user6,user7,user8,user9,user10,user11,user12,user13,user14,user15,user16"
1,hugodecrypte,FR,https://www.instagram.com/hugodecrypte,,,,,2120,3500000,,,,,,,,,,,"Augmentation des cancers chez les - de 50 ans : voici pourquoi",0,1,,,2024-04-03 17:00:00+00:00,,,82531,922,1025,"user4","user1,user2,user3,user4,user5,user6,user7,user8,user9,user10,user11,user12,user13,user14,user15,user16"
2,hugodecrypte,FR,https://www.instagram.com/hugodecrypte,,,,,2120,3500000,,,,,,,,,,,"Voici l'IRM le + puissant du monde, cr√©√© par le @cea_officiel et qui permettra de nombreuses d√©couvertes sur le cerveau",0,1,,1,2024-04-02 17:00:00+00:00,,,229810,918,773,"user3,user5,user6,user7,user8,user9,user10,user11,user12,user13,user14","user1,user2,user3,user4,user5,user6,user7,user8,user9,user10,user11,user12,user13,user14,user15,user16"
3,le_gorafi,FR,https://www.instagram.com/le_gorafi,,,,,3185,515000,,,,,,,,,,,"La chouette de Duolingo condamn√©e √† 2 ans de prison ferme pour harc√®lement",0,1,,,2024-04-03 14:00:00+00:00,,,51195,492,399,"user1","user1,user6,user13,user15,user17,user18"
4,demotivateur,FR,https://www.instagram.com/demotivateur,,,,,7937,758000,,,,,,,,,,,"Burger King t'offre un Whopper si t'as une calvitie!",0,1,,,2024-04-02 14:00:00+00:00,,,34703,738,1412,"user14","user18"
5,secretmagoff,FR,https://www.instagram.com/secretmagoff,,,,,5117,52100,,,,,,,,,,,"Elon Musk a annonc√© que le premier humain implant√© avec la puce c√©r√©brale de Neuralink s'est compl√®tement r√©tabli. Le patient est d√©sormais capable de contr√¥ler une souris d'ordinateur par la pens√©e. üåüüñ±Ô∏èüß†üò≥ Votre avis sur cette nouvelle technologie ? ü§î Source : X Spaces #flash #elonmusk #neuralink #neurones #neurons #news #info #secretmag #neuron #neuroscience #technology #technologies #technologie #awesome #puce #musk #future #futur #announced #announcement #incredible #human #humain #world #capacity #brain #cerveau",0,0,,,2024-02-21 14:00:00+00:00,,,445,9,6,"user14","user14"
6,le_gorafi,FR,https://www.instagram.com/le_gorafi,,,,,3185,515000,,,,,,,,,,,"Ob√©sit√©: la comission europ√©enne souhaite diiser par 2 le diam√®tre des crepes bretonnes",0,1,,,2024-02-01 14:00:00+00:00,,,10126,158,210,"user1","user1,user6,user13,user15,user17,user18"
7,demotivateur,FR,https://www.instagram.com/demotivateur,,,,,7937,758000,,,,,,,,,,,"Apr√®s une chimio, elle apprend qu'elle n'a pas de cancer",0,1,,,2024-04-12 14:00:00+00:00,,,4703,39,141,,"user18"
8,demotivateur,FR,https://www.instagram.com/demotivateur,,,,,7937,758000,,,,,,,,,,,"Cette petite fran√ßaise a une maladie que seuls 6 autres enfants ont sur Terre...",0,1,,,2024-04-9 14:00:00+00:00,,,7665,31,130,,"user18"
9,konbini,FR,https://www.instagram.com/konbini,,,,,17900,2700000,,,,,,,,,,,"Qui poura b√©n√©ficier de l'aide √† mourir? Ce mercredi, un projet de loi sur la fi de vie est pr√©sent√© en Conseil des ministres et il mentionne les conditions pour y recourir. On vous explique",0,1,,,2024-04-10 19:30:00+00:00,,,3938,63,38,,"user1,user13,user14,user18,user19"
10,konbini,FR,https://www.instagram.com/konbini,,,,,17900,2700000,,,,,,,,,,,"Les polluants √©ternels, c'est la plus grande crise de pollution √† laquelle l‚Äôhumanit√© ait eu √† faire face dans son histoire @camilleetienne_, activiste √©cologiste, revient sur la pr√©sence de substances dangereuses dans nos produits du quotidien (alimentation maquillage etc.) : les polluants √©ternels ou PFAS. Ces mol√©cules chimiques dites ‚Äúindestructibles‚Äù apparaissent dans la composition de nombreux produits et sont nocives pour la sant√© et la plan√®te. Le documentaire de Camille Etienne ‚ÄúPFAS : comment les industriels nous empoisonnent‚Äù est disponible sur YouTube.",0,1,,,2024-04-03 19:30:00+00:00,,,84735,5450,948,"user20,user21,user13,user4,user22","user1,user13,user14,user18,user19"